id,x,y,cluster,weight<Links>,weight<Total link strength>,label
A01B,0.1331,0.3283,3,571,249487,SOIL WORKING IN AGRICULTURE OR FORESTRY; PARTS. DETAILS. OR ACCESSORIES OF AGRICULTURAL MACHINES OR IMPLEMENTS. IN GENERAL (making or covering furrows or holes for sowing. planting or manuring A01C0005000000;machines for harvesting root crops A01D;mowers convertible to soil working apparatus or capable of soil working A01D0042040000;mowers combined with soil working implements A01D0043120000;soil working for engineering purposes E01. E02. E21)
A01C,0.5647,0.1851,3,555,336554,PLANTING; SOWING; FERTILISING (parts. details or accessories of agricultural machines or implements. in general A01B0051000000-A01B0075000000)
A01D,0.1972,0.2668,3,557,221413,HARVESTING; MOWING
A01F,0.511,0.1722,3,499,119441,THRESHING (combines A01D0041000000); BALING OF STRAW. HAY OR THE LIKE; STATIONARY APPARATUS OR HAND TOOLS FOR FORMING OR BINDING STRAW. HAY OR THE LIKE INTO BUNDLES; CUTTING OF STRAW. HAY OR THE LIKE; STORING AGRICULTURAL OR HORTICULTURAL PRODUCE (arrangements for making or setting stacks in connection with harvesting A01D0085000000)
A01G,0.3828,0.0977,3,624,806651,HORTICULTURE; CULTIVATION OF VEGETABLES. FLOWERS. RICE. FRUIT. VINES. HOPS OR SEAWEED; FORESTRY; WATERING (picking of fruits. vegetables. hops or the like A01D0046000000; propagating unicellular algae C12N0001120000)
A01H,1.395,-0.2118,3,425,382750,NEW PLANTS OR PROCESSES FOR OBTAINING THEM; PLANT REPRODUCTION BY TISSUE CULTURE TECHNIQUES
A01J,0.8072,-0.067,3,440,40235,MANUFACTURE OF DAIRY PRODUCTS (for chemical matters. see subclass A23C)
A01K,0.276,-0.2126,8,626,729507,ANIMAL HUSBANDRY; AVICULTURE; APICULTURE; PISCICULTURE; FISHING; REARING OR BREEDING ANIMALS. NOT OTHERWISE PROVIDED FOR; NEW BREEDS OF ANIMALS
A01L,0.4046,-0.3682,8,224,3084,SHOEING OF ANIMALS
A01M,0.0871,0.0777,3,596,308910,CATCHING. TRAPPING OR SCARING OF ANIMALS (appliances for catching swarms or drone-catching A01K0057000000;  fishing A01K0069000000-A01K0097000000;  biocides. pest repellants or attractants A01N); APPARATUS FOR THE DESTRUCTION OF NOXIOUS ANIMALS OR NOXIOUS PLANTS
A01N,1.0107,-0.1283,3,602,1841877,PRESERVATION OF BODIES OF HUMANS OR ANIMALS OR PLANTS OR PARTS THEREOF  (preservation of food or foodstuff A23); BIOCIDES. e.g. AS DISINFECTANTS. AS PESTICIDES OR AS HERBICIDES  (preparations for medical. dental or toiletry purposes which kill or prevent the growth or proliferation of unwanted organisms A61K); PEST REPELLANTS OR ATTRACTANTS; PLANT GROWTH REGULATORS
A01P,1.188,-0.1257,3,457,631914,BIOCIDAL. PEST REPELLANT. PEST ATTRACTANT OR PLANT GROWTH REGULATORY ACTIVITY OF CHEMICAL COMPOUNDS OR PREPARATIONS
A21B,0.9408,0.178,7,429,57390,BAKERS' OVENS; MACHINES OR EQUIPMENT FOR BAKING (domestic baking equipment A47J0037000000)
A21C,1.1273,-0.0513,3,435,82352,MACHINES OR EQUIPMENT FOR MAKING OR PROCESSING DOUGHS; HANDLING BAKED ARTICLES MADE FROM DOUGH
A21D,1.4734,-0.1436,3,404,180882,TREATMENT OF FLOUR OR DOUGH FOR BAKING. e.g. BY ADDITION OF MATERIALS; BAKING; BAKERY PRODUCTS (preservation of flour or dough before baking A23B0040000000;preservation of bakery products A23B0045000000)
A22B,0.6453,-0.2086,3,339,21675,SLAUGHTERING
A22C,0.837,-0.2087,3,485,112311,PROCESSING MEAT. POULTRY. OR FISH (preserving A23B;obtaining protein compositions for foodstuffs A23J0001000000;fish. meat or poultry preparations A23L;disintegrating. e.g. chopping meat. B02C0018000000;preparation of proteins C07K0001000000)
A23B,1.1459,-0.0721,3,519,225125,PRESERVATION OF FOODS. FOODSTUFFS OR NON-ALCOHOLIC BEVERAGES; CHEMICAL RIPENING OF FRUIT OR VEGETABLES
A23C,1.4185,-0.1514,3,446,281890,DAIRY PRODUCTS. e.g. MILK. BUTTER OR CHEESE; MILK OR CHEESE SUBSTITUTES; MAKING OR TREATMENT THEREOF (preservation thereof A23B0011000000)
A23D,1.5821,-0.1792,3,286,162609,EDIBLE OILS OR FATS. e.g. MARGARINES. SHORTENINGS OR COOKING OILS (preservation thereof A23B0020000000;production. refinement or preservation of animal or vegetable fats or oils C11B. C11C)
A23F,1.3019,-0.0987,3,402,125950,COFFEE; TEA; THEIR SUBSTITUTES; MANUFACTURE. PREPARATION. OR INFUSION THEREOF
A23G,1.2886,-0.1284,3,512,296299,COCOA; COCOA PRODUCTS. e.g. CHOCOLATE; SUBSTITUTES FOR COCOA OR COCOA PRODUCTS; CONFECTIONERY; CHEWING GUM; ICE-CREAM; PREPARATION THEREOF
A23J,1.5237,-0.2143,3,343,173661,PROTEIN COMPOSITIONS FOR FOODSTUFFS; WORKING-UP PROTEINS FOR FOODSTUFFS; PHOSPHATIDE COMPOSITIONS FOR FOODSTUFFS
A23K,1.3561,-0.169,3,453,472149,FEEDING-STUFFS SPECIALLY ADAPTED FOR ANIMALS; METHODS SPECIALLY ADAPTED FOR PRODUCTION THEREOF
A23L,1.2221,-0.1205,3,599,1838570,FOODS. FOODSTUFFS OR NON-ALCOHOLIC BEVERAGES. NOT OTHERWISE PROVIDED FOR; PREPARATION OR TREATMENT THEREOF (preservation thereof A23B)
A23N,0.9623,0.0257,3,456,149980,MACHINES OR APPARATUS FOR TREATING HARVESTED FRUIT. VEGETABLES. OR FLOWER BULBS IN BULK. NOT OTHERWISE PROVIDED FOR; PEELING VEGETABLES OR FRUIT IN BULK; APPARATUS FOR PREPARING ANIMAL FEEDING-STUFFS (machines for cutting straw or fodder A01F0029000000;disintegrating. e.g. shredding. B02C;severing. e.g. cutting. splitting. slicing. B26B. B26D)
A23P,1.3208,-0.1311,3,454,219990,SHAPING OR WORKING OF FOODSTUFFS. NOT FULLY COVERED BY A SINGLE OTHER SUBCLASS
A24B,0.9598,-0.3199,2,442,93301,MANUFACTURE OR PREPARATION OF TOBACCO FOR SMOKING OR CHEWING; TOBACCO; SNUFF
A24C,0.6592,-0.424,2,387,54652,MACHINES FOR MAKING CIGARS OR CIGARETTES
A24D,0.7833,-0.4145,2,396,86417,CIGARS; CIGARETTES; TOBACCO SMOKE FILTERS; MOUTHPIECES FOR CIGARS OR CIGARETTES; MANUFACTURE OF TOBACCO SMOKE FILTERS OR MOUTHPIECES
A24F,0.4514,-0.2643,2,496,123432,SMOKERS’ REQUISITES; MATCH BOXES; SIMULATED SMOKING DEVICES (inhaling appliances for medical purposes. shaped like cigars. cigarettes or pipes A61M0015060000)
A41B,0.1372,-0.8524,2,424,109547,SHIRTS; UNDERWEAR; BABY LINEN; HANDKERCHIEFS
A41C,0.0949,-0.9514,2,285,31323,CORSETS; BRASSIÈRES
A41D,0.0103,-0.6379,2,572,361758,OUTERWEAR; PROTECTIVE GARMENTS; ACCESSORIES
A41F,-0.1102,-0.8503,2,369,41318,GARMENT FASTENINGS; SUSPENDERS
A41G,0.1629,-0.656,2,385,22792,ARTIFICIAL FLOWERS; WIGS; MASKS; FEATHERS
A41H,0.0371,-0.7884,2,398,64578,APPLIANCES OR METHODS FOR MAKING CLOTHES. e.g. FOR DRESS-MAKING OR FOR TAILORING. NOT OTHERWISE PROVIDED FOR
A42B,-0.3107,-0.6224,2,461,85941,HATS; HEAD COVERINGS  (headbands A41D0020000000; head-scarves A41D0023000000)
A42C,-0.2369,-0.8554,2,248,12574,MANUFACTURING OR TRIMMING HEAD COVERINGS. e.g. HATS
A43B,-0.0608,-0.6952,2,522,184224,CHARACTERISTIC FEATURES OF FOOTWEAR; PARTS OF FOOTWEAR
A43C,-0.1399,-0.8768,2,338,40956,FASTENINGS OR ATTACHMENTS FOR FOOTWEAR; LACES IN GENERAL
A43D,0.0603,-0.7046,2,426,50336,MACHINES. TOOLS. EQUIPMENT OR METHODS FOR MANUFACTURING OR REPAIRING FOOTWEAR (sewing D05B)
A44B,-0.1578,-0.5703,2,541,147899,BUTTONS. PINS. BUCKLES. SLIDE FASTENERS. OR THE LIKE (fastenings specially adapted for footwear A43C)
A44C,-0.3997,-0.4343,1,509,91422,PERSONAL ADORNMENTS. e.g. JEWELLERY; COINS
A45B,-0.4718,-0.2645,6,442,35414,WALKING STICKS (walking aids. e.g. sticks. for blind persons A61H0003060000); UMBRELLAS; LADIES' OR LIKE FANS (cane or umbrella stands or holders A47G0025120000)
A45C,-0.3939,-0.4076,6,547,206025,PURSES; LUGGAGE; HAND CARRIED BAGS
A45D,0.1505,-0.4225,2,557,266388,HAIRDRESSING OR SHAVING EQUIPMENT   (wigs. toupees or the like A41G0003000000. A41G0005000000;  hairdressers' chairs A47C0001040000;  hair cutting appliances. razors B26B); EQUIPMENT FOR COSMETICS OR COSMETIC TREATMENTS. e.g. FOR MANICURING OR PEDICURING
A45F,-0.4071,-0.3593,6,465,107457,TRAVELLING OR CAMP EQUIPMENT; SACKS OR PACKS CARRIED ON THE BODY
A46B,0.2074,-0.4441,2,527,145992,BRUSHES (handles not integral with brushware B25G)
A46D,0.3501,-0.6205,2,367,35216,MANUFACTURE OF BRUSHES
A47B,-0.3419,-0.1586,6,609,534219,TABLES; DESKS; OFFICE FURNITURE; CABINETS; DRAWERS; GENERAL DETAILS OF FURNITURE (jointing of furniture F16B0012000000)
A47C,-0.3323,-0.2364,6,578,371260,CHAIRS; SOFAS; BEDS
A47D,-0.5589,-0.2694,6,379,46809,FURNITURE SPECIALLY ADAPTED FOR CHILDREN (school benches or desks A47B0039000000. A47B0041000000)
A47F,-0.337,-0.1816,6,551,227892,SPECIAL FURNITURE. FITTINGS. OR ACCESSORIES FOR SHOPS. STOREHOUSES. BARS. RESTAURANTS. OR THE LIKE; PAYING COUNTERS
A47G,-0.0638,-0.3162,6,610,489965,HOUSEHOLD OR TABLE EQUIPMENT (book-ends A47B0065000000;knives B26B)
A47H,-0.2769,-0.2827,6,431,41507,FURNISHINGS FOR WINDOWS OR DOORS (concerned with the functioning of the door or window E05;roller blinds E06B;special arrangements or measures in connection with doors or windows. e.g. for ventilation or sealing. E06B0007000000)
A47J,0.4814,0.1358,7,595,482621,KITCHEN EQUIPMENT; COFFEE MILLS; SPICE MILLS; APPARATUS FOR MAKING BEVERAGES
A47K,0.0803,-0.0564,6,570,350745,SANITARY EQUIPMENT NOT OTHERWISE PROVIDED FOR (connecting to water supply or waste pipe. sinks E03C;water-closets E03D); TOILET ACCESSORIES (cosmetic equipment A45D)
A47L,0.0978,-0.079,6,602,365506,DOMESTIC WASHING OR CLEANING (brushes A46B;cleaning quantities of bottles or of other hollow articles of one kind B08B0009000000;laundry D06F); SUCTION CLEANERS IN GENERAL (cleaning in general B08)
A61B,-0.2117,-0.2434,1,631,2640665,DIAGNOSIS; SURGERY; IDENTIFICATION (usefulness limited to only animals A61D)
A61C,0.1716,-0.2825,2,555,294498,DENTISTRY; APPARATUS OR METHODS FOR ORAL OR DENTAL HYGIENE (non-driven toothbrushes A46B;preparations for dentistry A61K0006000000; preparations for cleaning the teeth or mouth A61K0008000000. A61Q0011000000)
A61D,0.4257,-0.3657,8,429,74222,VETERINARY INSTRUMENTS. IMPLEMENTS. TOOLS. OR METHODS
A61F,0.0942,-0.4069,2,629,1489164,FILTERS IMPLANTABLE INTO BLOOD VESSELS; PROSTHESES; DEVICES PROVIDING PATENCY TO. OR PREVENTING COLLAPSING OF. TUBULAR STRUCTURES OF THE BODY. e.g. STENTS; ORTHOPAEDIC. NURSING OR CONTRACEPTIVE DEVICES; FOMENTATION; TREATMENT OR PROTECTION OF EYES OR EARS; BANDAGES. DRESSINGS OR ABSORBENT PADS; FIRST-AID KITS (dental prosthetics A61C)
A61G,-0.2968,-0.1578,6,558,356757,TRANSPORT. PERSONAL CONVEYANCES. OR ACCOMMODATION SPECIALLY ADAPTED FOR PATIENTS OR DISABLED PERSONS (appliances for aiding patients or disabled persons to walk A61H0003000000); OPERATING TABLES OR CHAIRS; CHAIRS FOR DENTISTRY; FUNERAL DEVICES (embalming corpses A01N0001000000)
A61H,-0.1723,-0.3119,6,565,444841,PHYSICAL THERAPY APPARATUS. e.g. DEVICES FOR LOCATING OR STIMULATING REFLEX POINTS IN THE BODY; ARTIFICIAL RESPIRATION; MASSAGE; BATHING DEVICES FOR SPECIAL THERAPEUTIC OR HYGIENIC PURPOSES OR SPECIFIC PARTS OF THE BODY (electrotherapy. magnetotherapy. radiation therapy. ultrasound therapy A61N)
A61J,0.3381,-0.2448,2,536,412313,CONTAINERS SPECIALLY ADAPTED FOR MEDICAL OR PHARMACEUTICAL PURPOSES; DEVICES OR METHODS SPECIALLY ADAPTED FOR BRINGING PHARMACEUTICAL PRODUCTS INTO PARTICULAR PHYSICAL OR ADMINISTERING FORMS; DEVICES FOR ADMINISTERING FOOD OR MEDICINES ORALLY; BABY COMFORTERS; DEVICES FOR RECEIVING SPITTLE
A61K,0.9641,-0.2041,3,630,12935138,PREPARATIONS FOR MEDICAL. DENTAL OR TOILETRY PURPOSES (devices or methods specially adapted for bringing pharmaceutical products into particular physical or administering forms A61J0003000000;chemical aspects of. or use of materials for deodorisation of air. for disinfection or sterilisation. or for bandages. dressings. absorbent pads or surgical articles A61L;soap compositions C11D)
A61L,0.3987,-0.178,2,627,1733401,METHODS OR APPARATUS FOR STERILISING MATERIALS OR OBJECTS IN GENERAL; DISINFECTION. STERILISATION OR DEODORISATION OF AIR; CHEMICAL ASPECTS OF BANDAGES. DRESSINGS. ABSORBENT PADS OR SURGICAL ARTICLES; MATERIALS FOR BANDAGES. DRESSINGS. ABSORBENT PADS OR SURGICAL ARTICLES (preservation of bodies or disinfecting characterised by the agents employed A01N;preserving. e.g. sterilising. food or foodstuffs A23;preparations for medical. dental or toiletry purposes A61K)
A61M,0.1041,-0.1964,2,613,1425675,DEVICES FOR INTRODUCING MEDIA INTO. OR ONTO. THE BODY (introducing media into or onto the bodies of animals A61D0007000000; means for inserting tampons A61F0013260000; devices for administering food or medicines orally A61J; containers for collecting. storing or administering blood or medical fluids A61J0001050000); DEVICES FOR TRANSDUCING BODY MEDIA OR FOR TAKING MEDIA FROM THE BODY (surgery A61B; chemical aspects of surgical articles A61L; magnetotherapy using magnetic elements placed within the body A61N0002100000); DEVICES FOR PRODUCING OR ENDING SLEEP OR STUPOR
A61N,-0.0884,-0.3203,1,572,588847,ELECTROTHERAPY; MAGNETOTHERAPY; RADIATION THERAPY; ULTRASOUND THERAPY (measurement of bioelectric currents A61B;surgical instruments. devices or methods for transferring non-mechanical forms of energy to or from the body A61B0018000000;anaesthetic apparatus in general A61M;incandescent lamps H01K;infrared radiators for heating H05B)
A61P,1.0969,-0.2047,3,568,8946797,SPECIFIC THERAPEUTIC ACTIVITY OF CHEMICAL COMPOUNDS OR MEDICINAL PREPARATIONS
A61Q,1.0454,-0.2794,3,501,1621019,SPECIFIC USE OF COSMETICS OR SIMILAR TOILETRY PREPARATIONS
A62B,-0.2108,-0.1059,6,569,210383,DEVICES. APPARATUS OR METHODS FOR LIFE-SAVING (valves specially adapted for medical use A61M0039000000;composition of chemical substances used in respirators. gas-masks. breathing apparatus or the like A62D;rescuing from mountains or trees A63B0027000000. A63B0029000000;life-saving devices. apparatus or methods specially adapted for use in water B63C0009000000;divers' equipment B63C0011000000;specially adapted for use with aircraft. e.g. parachutes or ejector seats. B64D;rescue devices peculiar to mining E21F0011000000)
A62C,-0.2118,0.2796,6,588,231356,FIRE-FIGHTING (fire-extinguishing compositions. use of chemical substances in extinguishing fires A62D0001000000;spraying. applying liquids or other fluent materials to surfaces in general B05;fire-fighting aircraft B64D0001160000;alarm arrangements G08B. e.g. fire alarms actuated by smoke or gases G08B0017100000)
A62D,0.816,0.1702,3,492,135412,CHEMICAL MEANS FOR EXTINGUISHING FIRES; PROCESSES FOR MAKING HARMFUL CHEMICAL SUBSTANCES HARMLESS. OR LESS HARMFUL. BY EFFECTING A CHEMICAL CHANGE; COMPOSITION OF MATERIALS FOR COVERINGS OR CLOTHING FOR PROTECTING AGAINST HARMFUL CHEMICAL AGENTS; COMPOSITION OF MATERIALS FOR TRANSPARENT PARTS OF GAS-MASKS. RESPIRATORS. BREATHING BAGS OR HELMETS; COMPOSITION OF CHEMICAL MATERIALS FOR USE IN BREATHING APPARATUS
A63B,-0.5206,-0.2344,6,605,360584,APPARATUS FOR PHYSICAL TRAINING. GYMNASTICS. SWIMMING. CLIMBING. OR FENCING; BALL GAMES; TRAINING EQUIPMENT (apparatus for passive exercising. massage A61H)
A63C,-0.4048,-0.1527,6,504,69404,SKATES; SKIS; ROLLER SKATES; DESIGN OR LAYOUT OF COURTS. RINKS OR THE LIKE (water skis B63B0032000000. B63B0034000000)
A63D,-0.8399,-0.4318,6,329,11563,BOWLING GAMES. e.g. SKITTLES. BOCCE OR BOWLS; INSTALLATIONS THEREFOR; BAGATELLE OR SIMILAR GAMES; BILLIARDS (balls A63B0037000000)
A63F,-0.9013,-0.3018,1,538,338977,CARD. BOARD OR ROULETTE GAMES; INDOOR GAMES USING SMALL MOVING PLAYING BODIES; VIDEO GAMES; GAMES NOT OTHERWISE PROVIDED FOR
A63G,-0.8474,-0.0023,6,408,39803,MERRY-GO-ROUNDS; SWINGS; ROCKING-HORSES (swings or rocking horses as nursery furniture A47D0013100000); CHUTES; SWITCHBACKS; SIMILAR DEVICES FOR PUBLIC AMUSEMENT
A63H,-0.7008,-0.2128,6,586,158636,TOYS. e.g. TOPS. DOLLS. HOOPS OR BUILDING BLOCKS
A63J,-0.8053,-0.1334,6,381,24544,DEVICES FOR THEATRES. CIRCUSES. OR THE LIKE; CONJURING APPLIANCES OR THE LIKE
A63K,-0.6664,-0.2286,6,229,4667,RACING; RIDING SPORTS; EQUIPMENT OR ACCESSORIES THEREFOR (stop watches G04F0007060000;timing G07C0001220000;indicating arrangements for variable information by selection or combination of individual elements G09F0009000000)
A99Z,-0.3119,-0.1702,1,69,134,SUBJECT MATTER NOT OTHERWISE PROVIDED FOR IN THIS SECTION
B01B,0.8056,0.4549,3,355,13851,BOILING; BOILING APPARATUS
B01D,0.5573,0.2351,3,643,3559564,SEPARATION (separating solids from solids by wet methods B03B. B03D. by pneumatic jigs or tables B03B. by other dry methods B07;magnetic or electrostatic separation of solid materials from solid materials or fluids. separation by high-voltage electric fields B03C;centrifuges B04B; vortex apparatus B04C;presses per se for squeezing-out liquid from liquid-containing material B30B0009020000)
B01F,0.6326,0.1105,3,605,902639,MIXING. e.g. DISSOLVING. EMULSIFYING OR DISPERSING  (mixing paints B44D0003060000)
B01J,0.7025,0.1603,3,631,3645830,CHEMICAL OR PHYSICAL PROCESSES. e.g. CATALYSIS OR COLLOID CHEMISTRY; THEIR RELEVANT APPARATUS
B01L,0.4331,-0.0046,3,547,436542,CHEMICAL OR PHYSICAL LABORATORY APPARATUS FOR GENERAL USE
B02B,1.0081,0.0637,3,386,28814,PREPARING GRAIN FOR MILLING; REFINING GRANULAR FRUIT TO COMMERCIAL PRODUCTS BY WORKING THE SURFACE (making dough from cereals directly A21C;preservation or sterilisation of cereals A23B;cleaning fruit A23N;preparation of malt C12C)
B02C,0.6742,0.0868,3,589,487935,CRUSHING. PULVERISING. OR DISINTEGRATING IN GENERAL; MILLING GRAIN (obtaining metallic powder by crushing. grinding or milling B22F0009040000)
B03B,0.9144,0.1922,3,486,123255,SEPARATING SOLID MATERIALS USING LIQUIDS OR USING PNEUMATIC TABLES OR JIGS
B03C,0.618,0.2347,3,574,206594,MAGNETIC OR ELECTROSTATIC SEPARATION OF SOLID MATERIALS FROM SOLID MATERIALS OR FLUIDS; SEPARATION BY HIGH-VOLTAGE ELECTRIC FIELDS (separating isotopes B01D0059000000;combinations of magnetic or electrostatic separation with separation of solids by other means B03B. B07B)
B03D,1.0452,0.2089,3,386,54178,FLOTATION; DIFFERENTIAL SEDIMENTATION (in combination with other separation of solids B03B;sink-float separation B03B0005280000)
B04B,0.6153,0.1875,3,519,87917,CENTRIFUGES (high-speed drum mills B02C0019110000)
B04C,0.7915,0.3801,3,477,70949,APPARATUS USING FREE VORTEX FLOW. e.g. CYCLONES (exhaust or silencing apparatus for machines or engines having means for removing solid constituents of exhaust. using inertial or centrifugal separators F01N0003037000;cyclonic type combustion apparatus F23)
B05B,0.1727,0.0638,2,629,795654,SPRAYING APPARATUS; ATOMISING APPARATUS; NOZZLES (spray-mixers with nozzles B01F0025720000;processes for applying liquids or other fluent materials to surfaces by spraying B05D)
B05C,0.1832,-0.3181,2,603,556318,APPARATUS FOR APPLYING FLUENT MATERIALS TO SURFACES. IN GENERAL (spraying apparatus. atomising apparatus. nozzles B05B;plant for applying liquids or other fluent materials to objects by electrostatic spraying B05B0005080000)
B05D,0.2567,-0.2354,2,631,1109426,PROCESSES FOR APPLYING FLUENT MATERIALS TO SURFACES. IN GENERAL (conveying articles or workpieces through baths of liquid B65G. e.g. B65G0049020000)
B06B,-0.4523,0.0013,1,570,152446,GENERATING OR TRANSMITTING MECHANICAL VIBRATIONS IN GENERAL (for particular physical or chemical processes. see the relevant subclasses. e.g. B07B0001400000. B22C0019060000. B23Q0017120000. B24B0031060000. E01C0019220000;measurement of mechanical vibrations. including the combination of generation and measurement. G01H;systems using reflection or reradiation of acoustic waves G01S0015000000;generating seismic energy for prospecting G01V0001020000;control of mechanical vibrations G05D0019000000;methods or devices for transmitting. conducting or directing sound. in general G10K0011000000;synthesis of acoustic waves G10K0015020000;piezoelectric. electrostrictive or magnetostrictive elements H10N0030000000. H10N0035000000;motors with vibrating magnet. armature or coil H02K0033000000;motors using piezoelectric effect. electrostriction or magnetostriction H02N0002000000;generation of electrical oscillations H03B;electromechanical resonators as resonant circuit elements H03H;loudspeakers. microphones. gramophone pick-ups or like acoustic electromechanical transducers H04R)
B07B,0.741,0.086,3,570,315419,SEPARATING SOLIDS FROM SOLIDS BY SIEVING. SCREENING. SIFTING OR BY USING GAS CURRENTS; SEPARATING BY OTHER DRY METHODS APPLICABLE TO BULK MATERIAL. e.g. LOOSE ARTICLES FIT TO BE HANDLED LIKE BULK MATERIAL (wet separating processes. sorting by processes using fluent material in the same way as liquid B03;combinations of dry separating apparatus with wet separating apparatus B03B;using liquids B03B. B03D;sorting by magnetic or electrostatic separation of solid materials from solid materials or fluids. separation by high voltage electric fields B03C;centrifuges or vortex apparatus for carrying out physical processes B04;hand sorting. postal sorting. sorting by switching or other devices actuated in response to detection or measurement of some feature of articles or samples of material B07C)
B07C,-0.0153,-0.1834,1,562,193956,POSTAL SORTING; SORTING INDIVIDUAL ARTICLES. OR BULK MATERIAL FIT TO BE SORTED PIECE-MEAL. e.g. BY PICKING (specially adapted for a specific purpose covered by another class. see the relevant place. e.g. A43D0033060000. B23Q0007120000)
B08B,0.2317,0.0378,3,635,1367136,CLEANING IN GENERAL; PREVENTION OF FOULING IN GENERAL 
B09B,0.7364,0.2023,3,578,389988,DISPOSAL OF SOLID WASTE NOT OTHERWISE PROVIDED FOR
B09C,0.9718,0.2183,3,386,113692,RECLAMATION OF CONTAMINATED SOIL (gatherers for removing stones or the like from the soil A01B0043000000;  sterilising soil by steam A01G0011000000;    removing undesirable matter. e.g. rubbish. from the land E01H0015000000)
B21B,0.2187,0.2074,5,547,298934,ROLLING OF METAL (auxiliary operations used in connection with metal-working operations covered in B21. seeB21C;bending by rolling B21D;manufacture of particular objects. e.g. screws. wheels. rings. barrels. balls. by rolling B21H;pressure welding by means of a rolling mill B23K0020040000)
B21C,0.1291,0.1167,5,565,329100,MANUFACTURE OF METAL SHEETS. WIRE. RODS. TUBES. PROFILES OR LIKE SEMI-MANUFACTURED PRODUCTS OTHERWISE THAN BY ROLLING; AUXILIARY OPERATIONS USED IN CONNECTION WITH METAL-WORKING WITHOUT ESSENTIALLY REMOVING MATERIAL
B21D,0.0574,0.0861,5,621,682114,WORKING OR PROCESSING OF SHEET METAL OR METAL TUBES. RODS OR PROFILES WITHOUT ESSENTIALLY REMOVING MATERIAL; PUNCHING METAL (working or processing of wire B21F)
B21F,-0.0064,-0.0897,5,520,126875,WORKING OR PROCESSING OF METAL WIRE (rolling of metal B21B;by drawing. auxiliary operations used in connection with metal-working without essentially removing material B21C;bundling articles B65B0013000000)
B21G,0.0515,-0.1474,5,243,10709,MAKING NEEDLES. PINS OR NAILS OF METAL
B21H,0.078,0.2855,5,399,51805,MAKING PARTICULAR METAL OBJECTS BY ROLLING. e.g. SCREWS. WHEELS. RINGS. BARRELS. BALLS (essentially from sheet metal B21D)
B21J,0.0736,0.2418,5,510,176324,FORGING; HAMMERING; PRESSING METAL; RIVETING; FORGE FURNACES (rolling of metal B21B;making particular products by forging or pressing B21K;cladding or plating B23K;finishing surfaces by hammering B23P0009040000;compacting surfaces by blasting with particulate material B24C0001100000;general features of presses. presses for consolidating scrap B30B;furnaces in general F27)
B21K,0.0337,0.2774,5,483,143178,MAKING FORGED OR PRESSED METAL PRODUCTS. e.g. HORSE-SHOES. RIVETS. BOLTS OR WHEELS (making particular articles by working sheet metal without essentially removing material B21D;processing wire B21F;making pins. needles or nails B21G;making particular articles by rolling B21H;forging machines. pressing machines. hammering machines. in general B21J;making chains B21L;plating B23K)
B21L,-0.1483,0.0293,5,221,8041,MAKING METAL CHAINS (making chains or chain links by casting B22D0025020000;chains in general F16G)
B22C,0.4067,0.306,5,539,162977,FOUNDRY MOULDING (moulding refractory materials in general B28B)
B22D,0.315,0.3397,5,584,487460,CASTING OF METALS; CASTING OF OTHER SUBSTANCES BY THE SAME PROCESSES OR DEVICES (shaping of plastics or substances in a plastic state B29C;metallurgical processing. selection of substances to be added to metal C21. C22)
B22F,0.2715,0.148,5,582,686747,WORKING METALLIC POWDER; MANUFACTURE OF ARTICLES FROM METALLIC POWDER; MAKING METALLIC POWDER (making alloys by powder metallurgy C22C); APPARATUS OR DEVICES SPECIALLY ADAPTED FOR METALLIC POWDER
B23B,0.0274,0.0312,5,575,459249,TURNING; BORING (using an electrode which takes the place of a tool B23H. e.g. making holes B23H0009140000;working by laser beam B23K0026000000;arrangements for copying or controlling B23Q)
B23C,0.0894,-0.0088,5,474,144053,MILLING (broaching B23D;broach-milling in making gears B23F;arrangements for copying or controlling B23Q)
B23D,0.1403,-0.116,5,559,326605,PLANING; SLOTTING; SHEARING; BROACHING; SAWING; FILING; SCRAPING; LIKE OPERATIONS FOR WORKING METAL BY REMOVING MATERIAL. NOT OTHERWISE PROVIDED FOR (making toothed gears or the like B23F;cutting metal by applying heat locally B23K;arrangements for copying or controlling B23Q)
B23F,0.0339,0.1591,5,346,33677,MAKING GEARS OR TOOTHED RACKS (by stamping B21D;by rolling B21H;by forging or pressing B21K;by casting B22;arrangements for copying or controlling B23Q;machines or devices for grinding or polishing. in general B24B)
B23G,0.0323,0.1153,5,342,35019,THREAD CUTTING; WORKING OF SCREWS. BOLT HEADS OR NUTS. IN CONJUNCTION THEREWITH (thread-forming by corrugating tubes B21D0015040000; by rolling B21H0003020000;by forging. pressing or hammering B21K0001560000; making helical grooves by turning B23B0005480000;by milling B23C0003320000;by grinding B24B0019020000; arrangements for copying or controlling B23Q)
B23H,0.1261,0.1396,5,442,59506,WORKING OF METAL BY THE ACTION OF A HIGH CONCENTRATION OF ELECTRIC CURRENT ON A WORKPIECE USING AN ELECTRODE WHICH TAKES THE PLACE OF A TOOL; SUCH WORKING COMBINED WITH OTHER FORMS OF WORKING OF METAL (processes for the electrolytic or electrophoretic production of coatings. electroforming. or apparatus therefor C25D;processes for the electrolytic removal of material from objects C25F;manufacturing printed circuits using precipitation techniques to apply the conductive material to form the desired conductive pattern H05K0003180000)
B23K,-0.0134,0.0738,5,628,1021439,SOLDERING OR UNSOLDERING; WELDING; CLADDING OR PLATING BY SOLDERING OR WELDING; CUTTING BY APPLYING HEAT LOCALLY. e.g. FLAME CUTTING; WORKING BY LASER BEAM (making metal-coated products by extruding metal B21C0023220000;building up linings or coverings by casting B22D0019080000;casting by dipping B22D0023040000;manufacture of composite layers by sintering metal powder B22F0007000000;arrangements on machine tools for copying or controlling B23Q;covering metals or covering materials with metals. not otherwise provided for C23C;burners F23D)
B23P,-0.0191,0.1487,5,616,675277,METAL-WORKING NOT OTHERWISE PROVIDED FOR; COMBINED OPERATIONS; UNIVERSAL MACHINE TOOLS (arrangements for copying or controlling B23Q)
B23Q,0.012,-0.0095,5,607,869373,DETAILS. COMPONENTS. OR ACCESSORIES FOR MACHINE TOOLS. e.g. ARRANGEMENTS FOR COPYING OR CONTROLLING (tools of the kind used in lathes or boring machines B23B0027000000); MACHINE TOOLS IN GENERAL. CHARACTERISED BY THE CONSTRUCTION OF PARTICULAR DETAILS OR COMPONENTS; COMBINATIONS OR ASSOCIATIONS OF METAL-WORKING MACHINES. NOT DIRECTED TO A PARTICULAR RESULT
B24B,0.1544,-0.0845,5,603,513714,MACHINES. DEVICES. OR PROCESSES FOR GRINDING OR POLISHING (by electro-erosion B23H;abrasive or related blasting B24C; electrolytic etching or polishing C25F0003000000); DRESSING OR CONDITIONING OF ABRADING SURFACES; FEEDING OF GRINDING. POLISHING. OR LAPPING AGENTS
B24C,0.2642,0.0882,5,519,75752,ABRASIVE OR RELATED BLASTING WITH PARTICULATE MATERIAL
B24D,0.3214,-0.141,5,511,148951,TOOLS FOR GRINDING. BUFFING OR SHARPENING (abrading-bodies specially designed for tumbling apparatus. e.g. abrading-balls B24B0031140000;honing tools B24B0033080000;lapping tools B24B0037110000)
B25B,-0.1513,0.0541,5,596,367807,TOOLS OR BENCH DEVICES NOT OTHERWISE PROVIDED FOR. FOR FASTENING. CONNECTING. DISENGAGING. OR HOLDING
B25C,-0.1385,-0.0256,5,428,45417,HAND-HELD NAILING OR STAPLING TOOLS; MANUALLY-OPERATED PORTABLE STAPLING TOOLS (manufacturing footwear A43D)
B25D,-0.1135,0.2852,5,449,81220,PERCUSSIVE TOOLS
B25F,-0.1129,0.0792,5,472,118060,COMBINATION OR MULTI-PURPOSE TOOLS NOT OTHERWISE PROVIDED FOR; DETAILS OR COMPONENTS OF PORTABLE POWER-DRIVEN TOOLS NOT PARTICULARLY RELATED TO THE OPERATIONS PERFORMED AND NOT OTHERWISE PROVIDED FOR
B25G,-0.0857,-0.0336,5,446,62776,HANDLES FOR HAND IMPLEMENTS (attaching the blades or the like to handles of hand tools for soil working A01B0001220000;handles of hand implements for harvesting A01D0001140000;handles integral with brushware A46B)
B25H,-0.2237,-0.0618,5,526,136799,WORKSHOP EQUIPMENT. e.g. FOR MARKING-OUT WORK; STORAGE MEANS FOR WORKSHOPS
B25J,-0.3075,0.0736,1,603,524174,MANIPULATORS; CHAMBERS PROVIDED WITH MANIPULATION DEVICES (robotic devices for individually picking fruits. vegetables. hops or the like A01D0046300000;needle manipulators for surgery A61B0017062000;manipulators associated with rolling mills B21B0039200000;manipulators associated with forging machines B21J0013100000;means for holding wheels or parts thereof B60B0030000000;cranes B66C;arrangements for handling fuel or other materials which are used within nuclear reactors G21C0019000000;structural combination of manipulators with cells or rooms shielded against radiation G21F0007060000)
B26B,0.0914,-0.2169,5,536,98262,HAND-HELD CUTTING TOOLS NOT OTHERWISE PROVIDED FOR (for harvesting A01D;for horticulture. for forestry A01G;for butchering or meat treatment A22;for manufacturing or repairing footwear A43D;nail clippers or cutters A45D0029020000;kitchen equipment A47J;for surgical purposes A61B0017000000;for metal B23D;cutting by abrasive fluid jets B24C0005020000;plier-like tools with cutting edges B25B0007220000;pincers B25C0011020000;handles for hand implements. in general B25G;guillotine-type cutters B26D;for erasing B43L0019000000;for textile materials D06H)
B26D,0.2385,-0.411,2,592,476696,CUTTING; DETAILS COMMON TO MACHINES FOR PERFORATING. PUNCHING. CUTTING-OUT. STAMPING-OUT OR SEVERING (disintegrating by knives or other cutting or tearing members which chop material into fragments B02C0018000000;cutting by abrasive fluid jets B24C0005020000;hand-held cutting tools B26B)
B26F,0.1513,-0.4704,2,548,247257,PERFORATING; PUNCHING; CUTTING-OUT; STAMPING-OUT; SEVERING BY MEANS OTHER THAN CUTTING (marking-out. perforating or making buttonholes A41H0025000000; manufacturing footwear A43D; surgery A61B; punching metal B21D; drilling metal B23B; cutting of metal by applying heat locally. e.g. flame cutting. B23K; cutting by abrasive fluid jets B24C0005020000; details common to machines for severing B26D; drilling wood B27C; drilling stone B28D; working of plastics or substances in a plastic state B29; making boxes. cartons. envelopes or bags. of paper or similarly worked materials. e.g. metal foil. B31B; of glass C03B; of leather C14B; of textile materials D06H; for light guides G02B0006250000; of tickets G07B)
B27B,0.2585,-0.2469,5,466,112976,SAWS FOR WOOD OR SIMILAR MATERIAL; COMPONENTS OR ACCESSORIES THEREFOR (saws specially adapted for pruning or debranching A01G0003080000;sawing apparatus specially adapted for felling trees A01G0023091000;features not restricted to a particular type of wood saw B23D. e.g. attaching saw blades B23D0051000000;machine tool frames. beds. pillars or like members. in general B23Q0001010000)
B27C,0.351,-0.4271,5,364,67786,PLANING. DRILLING. MILLING. TURNING OR UNIVERSAL MACHINES FOR WOOD OR SIMILAR MATERIAL  (machine tools in general B23;working wood using abrasive. e.g. sanding. devices B24;tools for these purposes B27G)
B27D,0.4695,-0.5075,5,407,80733,WORKING VENEER OR PLYWOOD (applying liquids or other fluent materials to surfaces in general B05;grinding. sanding. or polishing of wood B24;applying adhesives or glue to surfaces of wood B27G0011000000;manufacture of veneer B27L0005000000)
B27F,0.1254,-0.3874,5,345,40627,DOVETAILED WORK; TENONS; SLOTTING MACHINES FOR WOOD OR SIMILAR MATERIAL; NAILING OR STAPLING MACHINES (hand-held nailing or stapling tools B25C;manufacture of cases. trunks or boxes from wood B27M0003340000;connections for building structures in general. e.g. dowels for use in building constructions E04B0001380000;jointing elements in general. e.g. dowels in general. F16B)
B27G,0.3684,-0.4019,5,427,91266,ACCESSORY MACHINES OR APPARATUS FOR WORKING WOOD OR SIMILAR MATERIALS; TOOLS FOR WORKING WOOD OR SIMILAR MATERIALS (tools for grinding B24D;sawing tools B27B0033000000;tools for slotting or mortising machines B27F0005020000;tools for the manufacture of wood shavings. chips. powder or the like B27L0011000000); SAFETY DEVICES FOR WOOD WORKING MACHINES OR TOOLS
B27H,0.5901,-0.5586,5,198,6908,BENDING WOOD OR SIMILAR MATERIAL; COOPERAGE; MAKING WHEELS FROM WOOD OR SIMILAR MATERIAL
B27J,0.6107,-0.5916,5,310,18015,MECHANICAL WORKING OF CANE. CORK. OR SIMILAR MATERIALS
B27K,0.675,-0.4017,5,487,96527,PROCESSES. APPARATUS OR SELECTION OF SUBSTANCES FOR IMPREGNATING. STAINING. DYEING OR BLEACHING OF WOOD. OR FOR TREATING OF WOOD WITH PERMEANT LIQUIDS. NOT OTHERWISE PROVIDED FOR; CHEMICAL OR PHYSICAL TREATMENT OF CORK. CANE. REED. STRAW OR SIMILAR MATERIALS
B27L,0.5899,-0.4052,5,392,40799,REMOVING BARK OR VESTIGES OF BRANCHES (forestry A01G); SPLITTING WOOD; MANUFACTURE OF VENEER. WOODEN STICKS. WOOD SHAVINGS. WOOD FIBRES OR WOOD POWDER
B27M,0.3813,-0.4562,5,464,94572,WORKING OF WOOD NOT PROVIDED FOR IN SUBCLASSES B27B-B27L; MANUFACTURE OF SPECIFIC WOODEN ARTICLES
B27N,0.5821,-0.446,2,478,113046,MANUFACTURE BY DRY PROCESSES OF ARTICLES. WITH OR WITHOUT ORGANIC BINDING AGENTS. MADE FROM PARTICLES OR FIBRES CONSISTING OF WOOD OR OTHER LIGNOCELLULOSIC OR LIKE ORGANIC MATERIAL (containing cementitious material B28B;shaping of substances in a plastic state B29C;fibreboards made from fibrous suspensions D21J;drying F26B0017000000)
B28B,0.2504,0.0624,6,588,368086,SHAPING CLAY OR OTHER CERAMIC COMPOSITIONS; SHAPING SLAG; SHAPING MIXTURES CONTAINING CEMENTITIOUS MATERIAL. e.g. PLASTER (foundry moulding B22C;working stone or stone-like material B28D;shaping of substances in a plastic state. in general B29C;making layered products not composed wholly of these substances B32B)
B28C,0.392,0.2277,3,480,106918,PREPARING CLAY; PRODUCING MIXTURES CONTAINING CLAY OR CEMENTITIOUS MATERIAL. e.g. PLASTER (preparing material for foundry moulds B22C0005000000)
B28D,0.1078,-0.044,5,485,155316,WORKING STONE OR STONE-LIKE MATERIALS (machinery for. or methods of. mining or quarrying E21C)
B29B,0.4509,-0.2214,2,602,730005,PREPARATION OR PRETREATMENT OF THE MATERIAL TO BE SHAPED; MAKING GRANULES OR PREFORMS; RECOVERY OF PLASTICS OR OTHER CONSTITUENTS OF WASTE MATERIAL CONTAINING PLASTICS
B29C,0.1412,-0.2622,2,640,3813167,SHAPING OR JOINING OF PLASTICS; SHAPING OF MATERIAL IN A PLASTIC STATE. NOT OTHERWISE PROVIDED FOR; AFTER-TREATMENT OF THE SHAPED PRODUCTS. e.g. REPAIRING (making preforms B29B0011000000;  making laminated products by combining previously unconnected layers which become one product whose layers will remain together B32B0037000000-B32B0041000000)
B29D,0.1075,-0.3682,2,619,918184,PRODUCING PARTICULAR ARTICLES FROM PLASTICS OR FROM SUBSTANCES IN A PLASTIC STATE (making granules B29B0009000000;making preforms B29B0011000000)
B29K,0.2181,-0.3416,2,595,891376,INDEXING SCHEME ASSOCIATED WITH SUBCLASSES B29B. B29C OR B29D. RELATING TO MOULDING MATERIALS OR TO MATERIALS FOR REINFORCEMENTS. FILLERS OR PREFORMED PARTS. e.g. INSERTS
B29L,0.1292,-0.3377,2,602,1022641,INDEXING SCHEME ASSOCIATED WITH SUBCLASS B29C. RELATING TO PARTICULAR ARTICLES
B30B,0.4386,-0.0042,5,601,342159,PRESSES IN GENERAL; PRESSES NOT OTHERWISE PROVIDED FOR (producing ultra-high pressure or ultra-high pressure and high temperature to effect modifications of a substance. e.g. for making artificial diamonds B01J0003000000)
B31B,0.1987,-0.5155,2,504,187864,MAKING CONTAINERS OF PAPER. CARDBOARD OR MATERIAL WORKED IN A MANNER ANALOGOUS TO PAPER (making wound articles. e.g. wound tubes. B31C;combined making and filling B65B)
B31C,0.3073,-0.5708,2,313,15047,MAKING WOUND ARTICLES. e.g. WOUND TUBES. OF PAPER. CARDBOARD OR MATERIAL WORKED IN A MANNER ANALOGOUS TO PAPER
B31D,0.1257,-0.6106,2,440,54466,MAKING ARTICLES OF PAPER. CARDBOARD OR MATERIAL WORKED IN A MANNER ANALOGOUS TO PAPER. NOT PROVIDED FOR IN SUBCLASSES B31B OR B31C (manufacture by dry processes of articles made from particles or fibres consisting of wood or other lignocellulosic or like organic material B27N;making layered products not composed wholly of paper or cardboard B32B;making articles from cellulosic fibrous suspensions. e.g. wood pulp. D21J)
B31F,0.2891,-0.6204,2,450,89401,MECHANICAL WORKING OR DEFORMATION OF PAPER. CARDBOARD OR MATERIAL WORKED IN A MANNER ANALOGOUS TO PAPER (making layered products not composed wholly of paper or cardboard B32B)
B32B,0.133,-0.3018,2,637,3425227,LAYERED PRODUCTS. i.e. PRODUCTS BUILT-UP OF STRATA OF FLAT OR NON-FLAT. e.g. CELLULAR OR HONEYCOMB. FORM
B33Y,0.2484,-0.1113,2,562,358984,ADDITIVE MANUFACTURING. i.e. MANUFACTURING OF THREE-DIMENSIONAL [3D] OBJECTS BY ADDITIVE DEPOSITION. ADDITIVE AGGLOMERATION OR ADDITIVE LAYERING. e.g. BY 3D PRINTING. STEREOLITHOGRAPHY OR SELECTIVE LASER SINTERING
B41B,-0.6973,-0.6403,1,360,24689,MACHINES OR ACCESSORIES FOR MAKING. SETTING. OR DISTRIBUTING TYPE; TYPE; PHOTOGRAPHIC OR PHOTOELECTRONIC COMPOSING DEVICES (photographic devices in general G03)
B41C,-0.0988,-0.8169,2,380,102110,PROCESSES FOR THE MANUFACTURE OR REPRODUCTION OF PRINTING SURFACES (photomechanical processes for producing printing surfaces G03F;photoelectrical processes for producing printing surfaces G03G)
B41D,-0.0406,-0.8965,2,186,4811,APPARATUS FOR THE MECHANICAL REPRODUCTION OF PRINTING SURFACES FOR STEREOTYPE PRINTING; SHAPING ELASTIC OR DEFORMABLE MATERIAL TO FORM PRINTING SURFACES (marking or engraving metal by the action of a high concentration of electric current B23H0009060000;type. machines. or accessories for making. setting. or distributing type B41B;processes for the manufacture or reproduction of printing surfaces B41C;machines or apparatus for engraving in general. or for embossing B44B0003000000. B44B0005000000;chemical etching of metal C23F0001000000;electrolytic etching C25F0003000000;photomechanical reproduction G03F)
B41F,-0.1376,-0.6987,2,577,303898,PRINTING MACHINES OR PRESSES (manifolding devices or office printing machines B41L)
B41G,-0.108,-0.9926,2,164,4287,APPARATUS FOR BRONZE PRINTING. LINE PRINTING. OR FOR BORDERING OR EDGING SHEETS OR LIKE ARTICLES; AUXILIARY APPARATUS FOR PERFORATING IN CONJUNCTION WITH PRINTING (perforating in general B26D;production of decorations B44C;perforating in conjunction with sheet or web delivery B65H0035000000;folding or unfolding thin material. e.g. sheets. webs. B65H0045000000. B65H0047000000)
B41J,-0.3393,-0.5091,2,594,1248202,TYPEWRITERS; SELECTIVE PRINTING MECHANISMS. i.e. MECHANISMS PRINTING OTHERWISE THAN FROM A FORME; CORRECTION OF TYPOGRAPHICAL ERRORS
B41K,-0.3332,-0.7565,2,414,40581,STAMPS; STAMPING OR NUMBERING APPARATUS OR DEVICES (marking meat A22C0017100000;embossing combined with printing B41F0019000000;selective printing mechanisms B41J;embossing decorations or marks B44B0005000000;marking or coding completed packages B65B0061260000;ticket printing and issuing. fare registering. non-printing aspects of franking apparatus G07B)
B41L,-0.4197,-0.8295,2,377,57005,APPARATUS OR DEVICES FOR MANIFOLDING. DUPLICATING OR PRINTING FOR OFFICE OR OTHER COMMERCIAL PURPOSES; ADDRESSING MACHINES OR LIKE SERIES-PRINTING MACHINES (printing presses or machines for industrial purposes B41F;stamps. stamping or numbering devices B41K)
B41M,0.0187,-0.6106,2,558,667992,PRINTING. DUPLICATING. MARKING. OR COPYING PROCESSES; COLOUR PRINTING (correction of typographical errors B41J;processes for applying transfer pictures or the like B44C0001160000;fluid media for correction of typographical errors by coating C09D0010000000;printing textiles D06P)
B41N,-0.0071,-0.7796,2,400,107510,PRINTING PLATES OR FOILS (photosensitive materials G03); MATERIALS FOR SURFACES USED IN PRINTING MACHINES FOR PRINTING. INKING. DAMPING. OR THE LIKE; PREPARING SUCH SURFACES FOR USE OR CONSERVING THEM
B42B,-0.3119,-0.8841,2,263,26333,PERMANENTLY ATTACHING TOGETHER SHEETS. QUIRES. OR SIGNATURES. OR PERMANENTLY ATTACHING OBJECTS THERETO (nailing or stapling in general B25C. B27F;machines for both collating or gathering and permanently attaching together sheets or signatures B42C0001120000;temporarily attaching sheets together B42F)
B42C,-0.4202,-0.8188,2,302,66526,BOOKBINDING (cutting or perforating machines. devices. or tools B26;folding sheets or webs B31F;ornamenting books B44)
B42D,-0.5105,-0.6071,2,518,357954,BOOKS; BOOK COVERS; LOOSE LEAVES; PRINTED MATTER CHARACTERISED BY IDENTIFICATION OR SECURITY FEATURES; PRINTED MATTER OF SPECIAL FORMAT OR STYLE NOT OTHERWISE PROVIDED FOR; DEVICES FOR USE THEREWITH AND NOT OTHERWISE PROVIDED FOR; MOVABLE-STRIP WRITING OR READING APPARATUS
B42F,-0.4443,-0.6686,2,452,68429,SHEETS TEMPORARILY ATTACHED TOGETHER; FILING APPLIANCES; FILE CARDS; INDEXING (reading desks A47B0019000000;book rests A47B0023000000)
B43K,-0.1718,-0.5804,2,489,76282,IMPLEMENTS FOR WRITING OR DRAWING (containers. casings or accessories for cosmetic substances. e.g. shaving soap. lipstick. make-up. A45D0034000000. A45D0040000000)
B43L,-0.4373,-0.5328,2,487,106035,ARTICLES FOR WRITING OR DRAWING UPON; ACCESSORIES FOR WRITING OR DRAWING (workshop equipment for marking-out work B25H0007000000;teaching hand-writing or drawing G09B0011000000)
B43M,-0.1953,-0.667,2,357,34695,BUREAU ACCESSORIES NOT OTHERWISE PROVIDED FOR (stapling devices B25C. B27F;devices for temporarily attaching sheets together B42F;adhesive tape dispensers B65H0035070000)
B44B,-0.0413,-0.4701,5,432,45209,MACHINES. APPARATUS OR TOOLS FOR ARTISTIC WORK. e.g. FOR SCULPTURING. GUILLOCHING. CARVING. BRANDING OR INLAYING (ornamenting leather C14B)
B44C,0.0428,-0.4803,2,571,316863,PRODUCING DECORATIVE EFFECTS (processes for applying liquids or other fluent materials to surfaces. in general B05D;shaping of plastics or substances in a plastic state B29C;printing processes to produce transfer pictures B41M0003120000;thermographic duplication or marking methods B41M0005000000); MOSAICS; TARSIA WORK (imitation of mosaic or tarsia-work patterns B44F0011040000); PAPERHANGING
B44D,0.1778,-0.4356,2,524,74036,PAINTING OR ARTISTIC DRAWING. NOT OTHERWISE PROVIDED FOR; PRESERVING PAINTINGS; SURFACE TREATMENT TO OBTAIN SPECIAL ARTISTIC SURFACE EFFECTS OR FINISHES (surface treatment in general. see the relevant places. e.g. applying liquids or other fluent materials B05)
B44F,-0.0459,-0.5907,2,478,114644,SPECIAL DESIGNS OR PICTURES
B60B,-0.418,0.2962,4,561,233398,VEHICLE WHEELS (making wheels or wheel parts by rolling B21H0001000000. by forging. hammering or pressing B21K0001280000); CASTORS; AXLES FOR WHEELS OR CASTORS; INCREASING WHEEL ADHESION
B60C,0.0614,-0.1841,2,559,364552,VEHICLE TYRES; TYRE INFLATION; TYRE CHANGING; CONNECTING VALVES TO INFLATABLE ELASTIC BODIES IN GENERAL; DEVICES OR ARRANGEMENTS RELATED TO TYRES
B60D,-0.6679,0.5433,4,382,53001,VEHICLE CONNECTIONS (components of brake systems B60T0017040000)
B60F,-0.7525,0.6912,4,311,31073,VEHICLES FOR USE BOTH ON RAIL AND ON ROAD; VEHICLES CAPABLE OF TRAVELLING IN OR ON DIFFERENT MEDIA. e.g. AMPHIBIOUS VEHICLES (air-cushion vehicles B60V)
B60G,-0.6005,0.5044,4,488,225141,VEHICLE SUSPENSION ARRANGEMENTS (air-cushion vehicles B60V;connections between vehicle bodies and vehicle frames B62D0024000000)
B60H,-0.1871,0.5948,4,519,305487,ARRANGEMENTS OF HEATING. COOLING. VENTILATING OR OTHER AIR-TREATING DEVICES SPECIALLY ADAPTED FOR PASSENGER OR GOODS SPACES OF VEHICLES
B60J,-0.5167,0.1364,6,539,395321,WINDOWS. WINDSCREENS. NON-FIXED ROOFS. DOORS. OR SIMILAR DEVICES FOR VEHICLES; REMOVABLE EXTERNAL PROTECTIVE COVERINGS SPECIALLY ADAPTED FOR VEHICLES (fastening. suspending. closing. or opening of such devices E05)
B60K,-0.4772,0.4575,4,586,1406723,ARRANGEMENT OR MOUNTING OF PROPULSION UNITS OR OF TRANSMISSIONS IN VEHICLES; ARRANGEMENT OR MOUNTING OF PLURAL DIVERSE PRIME-MOVERS IN VEHICLES; AUXILIARY DRIVES FOR VEHICLES; INSTRUMENTATION OR DASHBOARDS FOR VEHICLES; ARRANGEMENTS IN CONNECTION WITH COOLING. AIR INTAKE. GAS EXHAUST OR FUEL SUPPLY OF PROPULSION UNITS IN VEHICLES
B60L,-0.6274,0.4077,4,528,855670,PROPULSION OF ELECTRICALLY-PROPELLED VEHICLES (arrangements or mounting of electrical propulsion units or of plural diverse prime-movers for mutual or common propulsion in vehicles B60K0001000000. B60K0006200000;arrangements or mounting of electrical gearing in vehicles B60K0017120000. B60K0017140000;preventing wheel slip by reducing power in rail vehicles B61C0015080000;dynamo-electric machines H02K;control or regulation of electric motors H02P); SUPPLYING ELECTRIC POWER FOR AUXILIARY EQUIPMENT OF ELECTRICALLY-PROPELLED VEHICLES (electric coupling devices combined with mechanical couplings of vehicles B60D0001640000;electric heating for vehicles B60H0001000000); ELECTRODYNAMIC BRAKE SYSTEMS FOR VEHICLES IN GENERAL (control or regulation of electric motors H02P); MAGNETIC SUSPENSION OR LEVITATION FOR VEHICLES; MONITORING OPERATING VARIABLES OF ELECTRICALLY-PROPELLED VEHICLES; ELECTRIC SAFETY DEVICES FOR ELECTRICALLY-PROPELLED VEHICLES
B60M,-0.7421,0.4149,4,375,51791,POWER SUPPLY LINES. OR DEVICES ALONG RAILS. FOR ELECTRICALLY-PROPELLED VEHICLES (control of points or safety arrangements along railway lines B61L;construction of rails or points in general E01B)
B60N,-0.4368,-0.0211,6,534,343567,SEATS SPECIALLY ADAPTED FOR VEHICLES; VEHICLE PASSENGER ACCOMMODATION NOT OTHERWISE PROVIDED FOR
B60P,-0.4097,0.3354,4,583,310418,VEHICLES ADAPTED FOR LOAD TRANSPORTATION OR TO TRANSPORT. TO CARRY. OR TO COMPRISE SPECIAL LOADS OR OBJECTS (vehicles with special provisions for transporting patients or disabled persons. or their personal conveyances A61G0003000000)
B60Q,-0.7159,0.143,1,513,435993,ARRANGEMENT OF SIGNALLING OR LIGHTING DEVICES. THE MOUNTING OR SUPPORTING THEREOF OR CIRCUITS THEREFOR. FOR VEHICLES IN GENERAL
B60R,-0.5023,0.1549,4,624,1688486,VEHICLES. VEHICLE FITTINGS. OR VEHICLE PARTS. NOT OTHERWISE PROVIDED FOR (fire prevention. containment or extinguishing specially adapted for vehicles A62C0003070000)
B60S,-0.3734,0.2812,4,533,237942,SERVICING. CLEANING. REPAIRING. SUPPORTING. LIFTING. OR MANOEUVRING OF VEHICLES. NOT OTHERWISE PROVIDED FOR
B60T,-0.6714,0.5661,4,543,457245,VEHICLE BRAKE CONTROL SYSTEMS OR PARTS THEREOF; BRAKE CONTROL SYSTEMS OR PARTS THEREOF. IN GENERAL (control of electrodynamic brake systems B60L0007000000;conjoint control of brakes and other drive units of vehicles B60W); ARRANGEMENT OF BRAKING ELEMENTS ON VEHICLES IN GENERAL; PORTABLE DEVICES FOR PREVENTING UNWANTED MOVEMENT OF VEHICLES; VEHICLE MODIFICATIONS TO FACILITATE COOLING OF BRAKES
B60V,-0.4212,0.5206,4,289,15848,AIR-CUSHION VEHICLES
B60W,-0.6708,0.436,4,440,786809,CONJOINT CONTROL OF VEHICLE SUB-UNITS OF DIFFERENT TYPE OR DIFFERENT FUNCTION; CONTROL SYSTEMS SPECIALLY ADAPTED FOR HYBRID VEHICLES; ROAD VEHICLE DRIVE CONTROL SYSTEMS FOR PURPOSES NOT RELATED TO THE CONTROL OF A PARTICULAR SUB-UNIT
B61B,-0.6673,0.4913,4,486,121718,RAILWAY SYSTEMS; EQUIPMENT THEREFOR NOT OTHERWISE PROVIDED FOR (lifts or hoists. elevators. escalators. moving walkways B66B)
B61C,-0.8208,0.6555,4,411,61449,LOCOMOTIVES; MOTOR RAILCARS (vehicles in general B60;frames or bogies B61F;special railroad equipment for locomotives B61J. B61K)
B61D,-0.6811,0.531,4,527,161049,BODY DETAILS OR KINDS OF RAILWAY VEHICLES (vehicles in general B60; adaptation of vehicles to special systems B61B; underframes B61F)
B61F,-0.8094,0.6771,4,407,59970,RAIL VEHICLE SUSPENSIONS. e.g. UNDERFRAMES. BOGIES OR ARRANGEMENTS OF WHEEL AXLES; RAIL VEHICLES FOR USE ON TRACKS OF DIFFERENT WIDTH; PREVENTING DERAILING OF RAIL VEHICLES; WHEEL GUARDS. OBSTRUCTION REMOVERS OR THE LIKE FOR RAIL VEHICLES (for vehicles in general B60;axles or wheels B60B;vehicle tyres B60C)
B61G,-0.8357,0.6878,4,319,22936,COUPLINGS SPECIALLY ADAPTED FOR RAILWAY VEHICLES; DRAUGHT OR BUFFING APPLIANCES SPECIALLY ADAPTED FOR RAILWAY VEHICLES
B61H,-0.8399,0.7404,4,326,39789,BRAKES OR OTHER RETARDING DEVICES SPECIALLY ADAPTED FOR RAIL VEHICLES; ARRANGEMENT OR DISPOSITION THEREOF IN RAIL VEHICLES (electrodynamic braking of vehicles B60L. in general H02K;arrangements in rail vehicles for adjusting wheel-braking force to meet varying vehicular or permanent-way conditions B60T0008000000;transmitting braking action from initiating means to ultimate brake actuator with power assistance or drive. brake systems incorporating such transmitting means. e.g. air-pressure brake systems. B60T0013000000;construction. arrangement or operation of valves incorporated in power brake systems B60T0015000000;component parts. details or accessories of brake systems B60T0017000000;brakes in general F16D)
B61J,-0.8219,0.6487,4,251,10151,SHIFTING OR SHUNTING OF RAIL VEHICLES (shifting vehicles in general B60S;marshalling systems B61B)
B61K,-0.8243,0.4904,4,378,44927,AUXILIARY EQUIPMENT SPECIALLY ADAPTED FOR RAILWAYS. NOT OTHERWISE PROVIDED FOR (energy-storing brakes B61H;protection of permanent way against weather influences E01B;rail cleaning. snow ploughs E01H)
B61L,-0.9624,0.2995,4,429,108450,GUIDING RAILWAY TRAFFIC; ENSURING THE SAFETY OF RAILWAY TRAFFIC (brakes or auxiliary equipment B61H. B61K;point or crossing construction E01B)
B62B,-0.4996,0.145,4,535,159581,HAND-PROPELLED VEHICLES. e.g. HAND CARTS OR PERAMBULATORS; SLEDGES (characterised by animal propulsion B62C;propulsion of sledges by driver or engine B62M)
B62C,-0.7582,0.424,4,198,2173,VEHICLES DRAWN BY ANIMALS
B62D,-0.4796,0.3578,4,598,1024056,MOTOR VEHICLES; TRAILERS (steering. or guiding on a desired track. of agricultural machines or implements A01B0069000000;wheels. castors. axles. increasing wheel adhesion B60B;vehicle tyres. tyre inflation or tyre changing B60C;connections between vehicles of a train or the like B60D;vehicles for use on rail and road. amphibious or convertible vehicles B60F;suspension arrangements B60G;heating. cooling. ventilating or other air treating devices B60H;windows. windscreens. non-fixed roofs. doors or similar devices. protective coverings for vehicles not in use B60J;propulsion plant arrangements. auxiliary drives. transmissions. controls. instrumentation or dashboards B60K;electric equipment or propulsion of electrically-propelled vehicles B60L;power supply for electrically-propelled vehicles B60M;passenger accommodation not otherwise provided for B60N;adaptations for load transportation or to carry special loads or objects B60P;arrangement of signalling or lighting devices. the mounting or supporting thereof or circuits therefor. for vehicles in general B60Q;vehicles. vehicle fittings or vehicle parts. not otherwise provided for B60R;servicing. cleaning. repairing. supporting. lifting. or manoeuvring. not otherwise provided for B60S;brake arrangements. brake control systems or parts thereof B60T;air-cushion vehicles B60V;motorcycles. accessories therefor B62J. B62K;testing of vehicles G01M)
B62H,-0.9872,0.4205,4,308,50601,CYCLE STANDS; SUPPORTS OR HOLDERS FOR PARKING OR STORING CYCLES; APPLIANCES PREVENTING OR INDICATING UNAUTHORISED USE OR THEFT OF CYCLES; LOCKS INTEGRAL WITH CYCLES; DEVICES FOR LEARNING TO RIDE CYCLES
B62J,-0.8165,0.4455,4,473,209091,CYCLE SADDLES OR SEATS; AUXILIARY DEVICES OR ACCESSORIES SPECIALLY ADAPTED TO CYCLES AND NOT OTHERWISE PROVIDED FOR. e.g. ARTICLE CARRIERS OR CYCLE PROTECTORS
B62K,-0.8293,0.5196,4,490,213775,CYCLES; CYCLE FRAMES; CYCLE STEERING DEVICES; RIDER-OPERATED TERMINAL CONTROLS SPECIALLY ADAPTED FOR CYCLES; CYCLE AXLE SUSPENSIONS; CYCLE SIDECARS. FORECARS. OR THE LIKE
B62L,-0.9641,0.712,4,268,43042,BRAKES SPECIALLY ADAPTED FOR CYCLES
B62M,-0.8121,0.5609,4,451,164036,RIDER PROPULSION OF WHEELED VEHICLES OR SLEDGES; POWERED PROPULSION OF SLEDGES OR CYCLES; TRANSMISSIONS SPECIALLY ADAPTED FOR SUCH VEHICLES (arrangements or mounting of transmissions in vehicles in general B60K;transmission elements per seF16)
B63B,-0.3186,0.4597,4,600,469152,SHIPS OR OTHER WATERBORNE VESSELS; EQUIPMENT FOR SHIPPING (arrangements of vessel ventilation. heating. cooling. or air-conditioning B63J0002000000;floating substructures as supports of dredgers or soil-shifting machines E02F0009060000)
B63C,-0.5163,0.3942,4,504,116373,LAUNCHING. HAULING-OUT. OR DRY-DOCKING OF VESSELS; LIFE-SAVING IN WATER; EQUIPMENT FOR DWELLING OR WORKING UNDER WATER; MEANS FOR SALVAGING OR SEARCHING FOR UNDERWATER OBJECTS (floating nets. floating slipways. or the like for recovering aircraft from the water B63B0035520000)
B63G,-0.6571,0.5614,4,420,52331,OFFENSIVE OR DEFENSIVE ARRANGEMENTS ON VESSELS; MINE-LAYING; MINE-SWEEPING; SUBMARINES; AIRCRAFT CARRIERS (means of attack or defence in general. e.g. turrets. F41H)
B63H,-0.3738,0.6883,4,528,196123,MARINE PROPULSION OR STEERING (propulsion of air-cushion vehicles B60V0001140000;specially adapted for submarines. other than nuclear propulsion. B63G; specially adapted for torpedoes F42B0019000000)
B63J,-0.1537,0.7838,4,375,57065,AUXILIARIES ON VESSELS
B64B,-0.7182,0.3688,4,344,15557,LIGHTER-THAN-AIR AIRCRAFT (ground installations for aircraft in general B64F)
B64C,-0.582,0.3948,4,569,414498,AEROPLANES; HELICOPTERS 
B64D,-0.5516,0.3761,4,562,441088,EQUIPMENT FOR FITTING IN OR TO AIRCRAFT; FLIGHT SUITS; PARACHUTES; ARRANGEMENT OR MOUNTING OF POWER PLANTS OR PROPULSION TRANSMISSIONS IN AIRCRAFT
B64F,-0.6388,0.3268,4,479,135093,GROUND OR AIRCRAFT-CARRIER-DECK INSTALLATIONS SPECIALLY ADAPTED FOR USE IN CONNECTION WITH AIRCRAFT; DESIGNING. MANUFACTURING. ASSEMBLING. CLEANING. MAINTAINING OR REPAIRING AIRCRAFT. NOT OTHERWISE PROVIDED FOR; HANDLING. TRANSPORTING. TESTING OR INSPECTING AIRCRAFT COMPONENTS. NOT OTHERWISE PROVIDED FOR
B64G,-0.5101,0.4237,1,500,82382,COSMONAUTICS; VEHICLES OR EQUIPMENT THEREFOR
B64U,-0.8001,0.3908,4,357,45635,UNMANNED AERIAL VEHICLES [UAV]; EQUIPMENT THEREFOR
B65B,0.2563,-0.2242,2,628,709656,MACHINES. APPARATUS OR DEVICES FOR. OR METHODS OF. PACKAGING ARTICLES OR MATERIALS; UNPACKING (bundling and pressing devices for cigars A24C0001440000; devices for tensioning and securing binders adapted to be supported by the article or articles to be bound B25B0025000000; applying closure members to bottles. jars or similar containers B67B0001000000-B67B0006000000; concurrent cleaning. filling and closing of bottles B67C0007000000; emptying bottles. jars. cans. casks. barrels or similar containers B67C0009000000)
B65C,-0.0852,-0.5731,2,493,88963,LABELLING OR TAGGING MACHINES. APPARATUS. OR PROCESSES (nailing or stapling in general B25C. B27F;processes for applying decalcomanias B44C0001160000;applying labels for packaging purposes B65B;labels. name-plates G09F)
B65D,0.1284,-0.148,2,639,2124457,CONTAINERS FOR STORAGE OR TRANSPORT OF ARTICLES OR MATERIALS. e.g. BAGS. BARRELS. BOTTLES. BOXES. CANS. CARTONS. CRATES. DRUMS. JARS. TANKS. HOPPERS. FORWARDING CONTAINERS; ACCESSORIES. CLOSURES. OR FITTINGS THEREFOR; PACKAGING ELEMENTS; PACKAGES
B65F,0.0971,0.0398,6,514,116040,GATHERING OR REMOVAL OF DOMESTIC OR LIKE REFUSE (disinfecting refuse A61L;refuse disintegrators B02C;sorting refuse B03B. B07B;handcarts for transporting refuse receptacles B62B;sack holders B65B0067000000;converting refuse into fertilisers C05F;converting refuse into solid fuels C10L;sewers. cesspools E03F;arrangements in buildings for the disposal of refuse E04F0017100000;refuse-consuming furnaces F23G)
B65G,0.0238,0.0413,4,637,1362066,TRANSPORT OR STORAGE DEVICES. e.g. CONVEYORS FOR LOADING OR TIPPING. SHOP CONVEYOR SYSTEMS OR PNEUMATIC TUBE CONVEYORS (packaging B65B;handling thin or filamentary materials. e.g. paper sheets or thread. B65H;cranes B66C;portable or mobile lifting or hauling appliances. e.g. hoists. B66D;devices for lifting or lowering goods for loading or unloading purposes. e.g. fork-lift trucks. B66F0009000000;emptying bottles. jars. cans. casks. barrels or similar containers. not otherwise provided for. B67C0009000000;delivering or transferring liquids B67D; filling or discharging vessels for liquefied. solidified or compressed gases F17C;pipe-line systems for fluids F17D)
B65H,-0.0022,-0.5451,2,624,1135192,HANDLING THIN OR FILAMENTARY MATERIAL. e.g. SHEETS. WEBS. CABLES
B66B,-0.5236,0.2331,4,528,150326,ELEVATORS; ESCALATORS OR MOVING WALKWAYS (life-saving devices used as an alternative to normal egress means. e.g. stairs. during rescue to lower persons in cages. bags. or similar supports from buildings or other structures  A62B0001020000; equipment for handling freight or for facilitating passenger embarkation or the like to aircraft B64D0009000000;braking or detent devices characterised by their application to lifting or hoisting gear B66D0005000000)
B66C,-0.3676,0.354,4,579,296126,CRANES; LOAD-ENGAGING ELEMENTS OR DEVICES FOR CRANES. CAPSTANS. WINCHES. OR TACKLES (rope. cable. or chain winding mechanisms. braking or detent devices therefor B66D;specially adapted for nuclear reactors G21)
B66D,-0.4782,0.4129,4,509,109611,CAPSTANS; WINCHES; TACKLES. e.g. PULLEY BLOCKS; HOISTS (winding or unwinding ropes or cables for feeding or storage purposes B65H;rope or cable-winding or unwinding mechanisms for lifts B66B;hoisting devices specially adapted for suspended scaffolds E04G0003320000)
B66F,-0.4368,0.3298,4,579,275872,HOISTING. LIFTING. HAULING. OR PUSHING. NOT OTHERWISE PROVIDED FOR. e.g. DEVICES WHICH APPLY A LIFTING OR PUSHING FORCE DIRECTLY TO THE SURFACE OF A LOAD (mounting artificial islands on piles or like supports E02B0017000000;scaffolds combined with lifting devices E04G0001220000. E04G0003280000;lifting devices for sliding forms E04G0011240000;lifting of buildings E04G0023060000;shores or struts E04G0025000000;lifts or other hoisting devices on ladders E06C0007120000;props for mining E21D0015000000)
B67B,0.3083,-0.1725,2,479,62171,APPLYING CLOSURE MEMBERS TO BOTTLES. JARS. OR SIMILAR CONTAINERS; OPENING CLOSED CONTAINERS (opening or closing devices attached to. or incorporated in. containers or container closures B65D)
B67C,0.3972,-0.1016,2,452,78517,FILLING WITH LIQUIDS OR SEMILIQUIDS. OR EMPTYING. OF BOTTLES. JARS. CANS. CASKS. BARRELS. OR SIMILAR CONTAINERS. NOT OTHERWISE PROVIDED FOR; FUNNELS
B67D,0.2023,0.1415,2,583,254114,DISPENSING. DELIVERING. OR TRANSFERRING LIQUIDS. NOT OTHERWISE PROVIDED FOR (cleaning pipes or tubes or systems of pipes or tubes B08B0009020000;emptying or filling of bottles. jars. cans. casks. barrels. or similar containers. not otherwise provided for B67C;water supply E03;pipe systems F17D;domestic hot-water supply systems F24D;measuring volume. volume flow. mass flow or liquid level. metering by volume G01F;coin-freed or like apparatus G07F)
B68B,-0.0847,-0.5254,8,182,2755,HARNESS; DEVICES USED IN CONNECTION THEREWITH; WHIPS OR THE LIKE
B68C,-0.0652,-0.573,8,171,2477,SADDLES; STIRRUPS
B68F,0.0852,-0.7786,2,171,2573,MAKING ARTICLES FROM LEATHER. CANVAS. OR THE LIKE
B68G,-0.0414,-0.5598,6,350,55705,METHODS. EQUIPMENT. OR MACHINES FOR USE IN UPHOLSTERING; UPHOLSTERY NOT OTHERWISE PROVIDED FOR
B81B,-0.3838,-0.0469,1,447,204804,MICROSTRUCTURAL DEVICES OR SYSTEMS. e.g. MICROMECHANICAL DEVICES  (piezoelectric. electrostrictive or magnetostrictive elements per seH10N0030000000. H10N0035000000)
B81C,-0.3238,-0.1283,1,401,148613,PROCESSES OR APPARATUS SPECIALLY ADAPTED FOR THE MANUFACTURE OR TREATMENT OF MICROSTRUCTURAL DEVICES OR SYSTEMS (making microcapsules or microballoons B01J0013020000;processes or apparatus specially adapted for the manufacture or treatment of piezoelectric. electrostrictive or magnetostrictive elements per seH10N0030010000)
B82B,0.4687,-0.1072,3,440,121084,NANOSTRUCTURES FORMED BY MANIPULATION OF INDIVIDUAL ATOMS. MOLECULES. OR LIMITED COLLECTIONS OF ATOMS OR MOLECULES AS DISCRETE UNITS; MANUFACTURE OR TREATMENT THEREOF
B82Y,0.4373,-0.065,3,535,406689,SPECIFIC USES OR APPLICATIONS OF NANOSTRUCTURES; MEASUREMENT OR ANALYSIS OF NANOSTRUCTURES; MANUFACTURE  OR TREATMENT OF NANOSTRUCTURES
B99Z,-0.7226,0.0827,1,13,26,SUBJECT MATTER NOT OTHERWISE PROVIDED FOR IN THIS SECTION
C01B,0.668,0.2295,3,617,1516529,NON-METALLIC ELEMENTS; COMPOUNDS THEREOF (fermentation or enzyme-using processes for the preparation of elements or inorganic compounds except carbon dioxide C12P0003000000; production of non-metallic elements or inorganic compounds by electrolysis or electrophoresis C25B)
C01C,1.0216,0.3372,3,400,82823,AMMONIA; CYANOGEN; COMPOUNDS THEREOF (salts of oxyacids of halogens C01B0011000000;peroxides. salts of peroxyacids C01B0015000000;thiosulfates. dithionites. polythionates C01B0017640000;compounds containing selenium or tellurium C01B0019000000;azides C01B0021080000;metal amides C01B0021092000;nitrites C01B0021500000;phosphides C01B0025080000;salts of oxyacids of phosphorus C01B0025160000;compounds containing silicon C01B0033000000;compounds containing boron C01B0035000000;fermentation or enzyme-using processes for the preparation of elements or inorganic compounds except carbon dioxide C12P0003000000;production of non-metallic elements or inorganic compounds by electrolysis or electrophoresis C25B)
C01D,0.9728,0.2542,3,422,97808,COMPOUNDS OF ALKALI METALS. i.e. LITHIUM. SODIUM. POTASSIUM. RUBIDIUM. CAESIUM. OR FRANCIUM (metal hydrides C01B0006000000; salts of oxyacids of halogens C01B0011000000; peroxides. salts of peroxyacids C01B0015000000; sulfides or polysulfides C01B0017220000; thiosulfates. dithionites. polythionates C01B0017640000; compounds containing selenium or tellurium C01B0019000000; binary compounds of nitrogen with metals C01B0021060000; azides C01B0021080000; metal amides C01B0021092000; nitrites C01B0021500000; phosphides C01B0025080000; salts of oxyacids of phosphorus C01B0025160000; carbides C01B0032900000; compounds containing silicon C01B0033000000; compounds containing boron C01B0035000000; cyanides C01C0003080000; salts of cyanic acid C01C0003140000; salts of cyanamide C01C0003160000; thiocyanates C01C0003200000; fermentation or enzyme-using processes for the preparation of elements or inorganic compounds except carbon dioxide C12P0003000000; obtaining metal compounds from mixtures. e.g. ores. which are intermediate compounds in a metallurgical process for obtaining a free metal C22B; production of non-metallic elements or inorganic compounds by electrolysis or electrophoresis C25B)
C01F,0.8159,0.1531,3,520,282727,COMPOUNDS OF THE METALS BERYLLIUM. MAGNESIUM. ALUMINIUM. CALCIUM. STRONTIUM. BARIUM. RADIUM. THORIUM. OR OF THE RARE EARTH METALS (metal hydrides C01B0006000000;salts of oxyacids of halogens C01B0011000000;peroxides. salts of peroxyacids C01B0015000000;sulfides or polysulfides of magnesium. calcium. strontium. or barium C01B0017420000;thiosulfates. dithionites. polythionates C01B0017640000;compounds containing selenium or tellurium C01B0019000000;binary compounds of nitrogen with metals C01B0021060000;azides C01B0021080000;metal amides C01B0021092000;nitrites C01B0021500000;phosphides C01B0025080000;salts of oxyacids of phosphorus C01B0025160000;carbides C01B0032900000;  compounds containing silicon C01B0033000000;compounds containing boron C01B0035000000;compounds having molecular sieve properties but not having base-exchange properties C01B0037000000;compounds having molecular sieve and base-exchange properties. e.g. crystalline zeolites. C01B0039000000;cyanides C01C0003080000;salts of cyanic acid C01C0003140000;salts of cyanamide C01C0003160000;thiocyanates C01C0003200000;  fermentation or enzyme-using processes for the preparation of elements or inorganic compounds except carbon dioxide C12P0003000000;obtaining metal compounds from mixtures. e.g. ores. which are intermediate compounds in a metallurgical process for obtaining a free metal C22B;production of non-metallic elements or inorganic compounds by electrolysis or electrophoresis C25B)
C01G,0.5722,0.1346,3,539,608265,COMPOUNDS CONTAINING METALS NOT COVERED BY SUBCLASSES C01D OR C01F (metal hydrides C01B0006000000; salts of oxyacids of halogens C01B0011000000; peroxides. salts of peroxyacids C01B0015000000; thiosulfates. dithionites. polythionates C01B0017640000; compounds containing selenium or tellurium C01B0019000000; binary compounds of nitrogen with metals C01B0021060000; azides C01B0021080000; metal amides C01B0021092000; nitrites C01B0021500000; phosphides C01B0025080000; salts of oxyacids of phosphorus C01B0025160000; carbides C01B0032900000; compounds containing silicon C01B0033000000; compounds containing boron C01B0035000000; compounds having molecular sieve properties but not having base-exchange properties C01B0037000000; compounds having molecular sieve and base-exchange properties. e.g. crystalline zeolites. C01B0039000000; cyanides C01C0003080000; salts of cyanic acid C01C0003140000; salts of cyanamide C01C0003160000; thiocyanates C01C0003200000; fermentation or enzyme-using processes for the preparation of elements or inorganic compounds except carbon dioxide C12P0003000000; obtaining metal compounds from mixtures. e.g. ores. which are intermediate compounds in a metallurgical process for obtaining a free metal C21B. C22B; production of non-metallic elements or inorganic compounds by electrolysis or electrophoresis C25B)
C02F,0.6447,0.2287,3,610,1477077,TREATMENT OF WATER. WASTE WATER. SEWAGE. OR SLUDGE (processes for making harmful chemical substances harmless. or less harmful. by effecting a chemical change in the substances A62D0003000000;separation. settling tanks or filter devices  B01D;special arrangements on waterborne vessels of installations for treating water. waste water or sewage. e.g. for producing fresh water. B63J;adding materials to water to prevent corrosion C23F;treating radioactively-contaminated liquids G21F0009040000)
C03B,0.2468,-0.0448,5,583,369768,MANUFACTURE OR SHAPING OF GLASS. OR OF MINERAL OR SLAG WOOL; SUPPLEMENTARY PROCESSES IN THE MANUFACTURE OR SHAPING OF GLASS. OR OF MINERAL OR SLAG WOOL (surface treatment C03C)
C03C,0.1928,-0.1294,5,598,768427,CHEMICAL COMPOSITION OF GLASSES. GLAZES OR VITREOUS ENAMELS; SURFACE TREATMENT OF GLASS; SURFACE TREATMENT OF FIBRES OR FILAMENTS MADE FROM GLASS. MINERALS OR SLAGS; JOINING GLASS TO GLASS OR OTHER MATERIALS
C04B,0.333,0.1113,3,629,1441058,LIME; MAGNESIA; SLAG; CEMENTS; COMPOSITIONS THEREOF. e.g. MORTARS. CONCRETE OR LIKE BUILDING MATERIALS; ARTIFICIAL STONE; CERAMICS (devitrified glass-ceramics C03C0010000000); REFRACTORIES (alloys based on refractory metals C22C); TREATMENT OF NATURAL STONE
C05B,1.4404,0.2263,3,305,37824,PHOSPHATIC FERTILISERS
C05C,1.4212,0.2082,3,309,53192,NITROGENOUS FERTILISERS
C05D,1.4094,0.1834,3,321,59044,INORGANIC FERTILISERS NOT COVERED BY SUBCLASSES C05B. C05C; FERTILISERS PRODUCING CARBON DIOXIDE
C05F,1.2272,0.1352,3,471,200760,ORGANIC FERTILISERS NOT COVERED BY SUBCLASSES C05B. C05C. e.g. FERTILISERS FROM WASTE OR REFUSE
C05G,1.2706,0.1478,3,409,218700,MIXTURES OF FERTILISERS COVERED INDIVIDUALLY BY DIFFERENT SUBCLASSES OF CLASS C05; MIXTURES OF ONE OR MORE FERTILISERS WITH ADDITIVES NOT HAVING A SPECIFIC FERTILISING ACTIVITY (organic fertilisers containing added bacterial cultures. mycelia or the like C05F0011080000;organic fertilisers containing plant vitamins or hormones C05F0011100000); FERTILISERS CHARACTERISED BY THEIR FORM
C06B,0.1029,0.5009,8,453,62783,EXPLOSIVE OR THERMIC COMPOSITIONS (blasting F42D); MANUFACTURE THEREOF; USE OF SINGLE SUBSTANCES AS EXPLOSIVES
C06C,-0.2534,0.6584,8,324,22069,DETONATING OR PRIMING DEVICES; FUSES; CHEMICAL LIGHTERS; PYROPHORIC COMPOSITIONS
C06D,0.0462,0.595,8,321,32081,MEANS FOR GENERATING SMOKE OR MIST; GAS-ATTACK COMPOSITIONS; GENERATION OF GAS FOR BLASTING OR PROPULSION (CHEMICAL PART)
C06F,0.193,-0.1086,2,223,2239,MATCHES; MANUFACTURE OF MATCHES
C07B,1.0791,-0.0237,3,481,1048536,GENERAL METHODS OF ORGANIC CHEMISTRY; APPARATUS THEREFOR (preparation of carboxylic acid esters by telomerisation C07C0067470000;processes for preparing macromolecular compounds. e.g. telomerisation C08F. C08G)
C07C,0.8793,-0.0292,3,624,3887137,ACYCLIC OR CARBOCYCLIC COMPOUNDS (macromolecular compounds C08;production of organic compounds by electrolysis or electrophoresis C25B0003000000. C25B0007000000)
C07D,0.9163,-0.1876,3,613,5578521,HETEROCYCLIC COMPOUNDS (macromolecular compounds C08)
C07F,0.9062,-0.1652,3,540,1338011,ACYCLIC. CARBOCYCLIC. OR HETEROCYCLIC COMPOUNDS CONTAINING ELEMENTS OTHER THAN CARBON. HYDROGEN. HALOGEN. OXYGEN. NITROGEN. SULFUR. SELENIUM OR TELLURIUM (metal-containing porphyrins C07D0487220000;macromolecular compounds C08)
C07G,1.4273,-0.2562,3,351,153963,COMPOUNDS OF UNKNOWN CONSTITUTION (sulfonated fats. oils or waxes of undetermined constution C07C0309620000)
C07H,1.2812,-0.2303,3,488,1440119,SUGARS; DERIVATIVES THEREOF; NUCLEOSIDES; NUCLEOTIDES; NUCLEIC ACIDS (derivatives of aldonic or saccharic acids C07C. C07D;aldonic acids. saccharic acids C07C0059105000. C07C0059285000;cyanohydrins C07C0255160000;glycals C07D;compounds of unknown constitution C07G;polysaccharides. derivatives thereof C08B;DNA or RNA concerning genetic engineering. vectors. e.g. plasmids. or their isolation. preparation or purification C12N0015000000;sugar industry C13)
C07J,1.382,-0.2598,3,403,223461,STEROIDS (seco-steroids C07C)
C07K,1.149,-0.2219,3,531,4245306,PEPTIDES (peptides containing β-lactam rings C07D;cyclic dipeptides not having in their molecule any other peptide link than those which form their ring. e.g. piperazine-2.5-diones. C07D;ergot alkaloids of the cyclic peptide type C07D0519020000; single cell proteins. enzymes C12N;genetic engineering processes for obtaining peptides C12N0015000000)
C08B,1.1562,-0.2759,3,497,418815,POLYSACCHARIDES; DERIVATIVES THEREOF (polysaccharides containing less than six saccharide radicals attached to each other by glycosidic linkages C07H;fermentation or enzyme-using processes C12P0019000000;production of cellulose D21)
C08C,0.7462,-0.3794,2,397,106386,TREATMENT OR CHEMICAL MODIFICATION OF RUBBERS
C08F,0.533,-0.2627,2,609,2285553,MACROMOLECULAR COMPOUNDS OBTAINED BY REACTIONS ONLY INVOLVING CARBON-TO-CARBON UNSATURATED BONDS (production of liquid hydrocarbon mixtures from lower carbon number hydrocarbons. e.g. by oligomerisation. C10G0050000000;fermentation or enzyme-using processes to synthesise a desired chemical compound or composition or to separate optical isomers from a racemic mixture C12P;graft polymerisation of monomers containing carbon-to-carbon unsaturated bonds on to fibres. threads. yarns. fabrics or fibrous goods made from such materials D06M0014000000)
C08G,0.5129,-0.2697,2,616,2728019,MACROMOLECULAR COMPOUNDS OBTAINED OTHERWISE THAN BY REACTIONS ONLY INVOLVING CARBON-TO-CARBON UNSATURATED BONDS (fermentation or enzyme-using processes to synthesise a desired chemical compound or composition or to separate optical isomers from a racemic mixture C12P)
C08H,1.15,-0.3307,3,361,82934,DERIVATIVES OF NATURAL MACROMOLECULAR COMPOUNDS (polysaccharides C08B;natural rubber C08C;natural resins or their derivatives C09F;working up pitch. asphalt or bitumen C10C0003000000)
C08J,0.4315,-0.2643,2,625,3015318,WORKING-UP; GENERAL PROCESSES OF COMPOUNDING; AFTER-TREATMENT NOT COVERED BY SUBCLASSES C08B. C08C. C08F. C08G or C08H (working. e.g. shaping. of plastics B29)
C08K,0.428,-0.2357,2,631,3301290,USE OF INORGANIC OR NON-MACROMOLECULAR ORGANIC SUBSTANCES AS COMPOUNDING INGREDIENTS (paints. inks. varnishes. dyes. polishes. adhesives C09)
C08L,0.4623,-0.2507,2,636,4915342,COMPOSITIONS OF MACROMOLECULAR COMPOUNDS (compositions based on polymerisable monomers C08F. C08G;artificial filaments or fibres D01F;textile treating compositions D06)
C09B,0.673,-0.4767,2,550,533289,ORGANIC DYES OR CLOSELY-RELATED COMPOUNDS FOR PRODUCING DYES; MORDANTS; LAKES (fermentation or enzyme-using processes to synthesise a desired chemical compound C12P)
C09C,0.6962,-0.1688,2,482,333831,TREATMENT OF INORGANIC MATERIALS. OTHER THAN FIBROUS FILLERS. TO ENHANCE THEIR PIGMENTING OR FILLING PROPERTIES (treatment of materials specially adapted to enhance their filling properties in mortars. concrete or artificial stone C04B0014000000. C04B0018000000. C04B0020000000); PREPARATION OF CARBON BLACK
C09D,0.3977,-0.2888,2,628,2266499,COATING COMPOSITIONS. e.g. PAINTS. VARNISHES OR LACQUERS; FILLING PASTES; CHEMICAL PAINT OR INK REMOVERS; INKS; CORRECTING FLUIDS; WOODSTAINS; PASTES OR SOLIDS FOR COLOURING OR PRINTING; USE OF MATERIALS THEREFOR (cosmetics A61K;processes for applying liquids or other fluent materials to surfaces. in general. B05D;staining wood B27K0005020000;glazes or vitreous enamels C03C;natural resins. French polish. drying-oils. driers. turpentine. per se. C09F;polishing compositions other than French polish. ski waxes C09G;adhesives or use of materials as adhesives C09J;materials for sealing or packing joints or covers C09K0003100000;materials for stopping leaks C09K0003120000;processes for the electrolytic or electrophoretic production of coatings C25D)
C09F,1.0352,-0.301,3,298,20515,NATURAL RESINS; FRENCH POLISH; DRYING-OILS; OIL DRYING AGENTS. i.e. SICCATIVES; TURPENTINE
C09G,0.5544,-0.208,5,324,80148,POLISHING COMPOSITIONS (French polish C09F0011000000); SKI WAXES
C09H,1.1614,-0.4215,3,194,10240,PREPARATION OF GLUE OR GELATINE
C09J,0.3439,-0.364,2,609,1093050,ADHESIVES; NON-MECHANICAL ASPECTS OF ADHESIVE PROCESSES IN GENERAL; ADHESIVE PROCESSES NOT PROVIDED FOR ELSEWHERE; USE OF MATERIALS AS ADHESIVES   (preparation of glue or gelatine C09H)
C09K,0.4819,-0.063,3,624,2342717,MATERIALS FOR APPLICATIONS NOT OTHERWISE PROVIDED FOR; APPLICATIONS OF MATERIALS NOT OTHERWISE PROVIDED FOR
C10B,0.9259,0.511,3,502,144695,DESTRUCTIVE DISTILLATION OF CARBONACEOUS MATERIALS FOR PRODUCTION OF GAS. COKE. TAR. OR SIMILAR MATERIALS (cracking oils C10G;underground gasification of minerals E21B0043295000)
C10C,0.9738,0.1666,3,348,39579,WORKING-UP TAR. PITCH. ASPHALT. BITUMEN; PYROLIGNEOUS ACID
C10F,0.9967,0.3809,3,186,5419,DRYING OR WORKING-UP OF PEAT
C10G,0.9308,0.317,3,539,484088,CRACKING HYDROCARBON OILS; PRODUCTION OF LIQUID HYDROCARBON MIXTURES. e.g. BY DESTRUCTIVE HYDROGENATION. OLIGOMERISATION. POLYMERISATION (cracking to hydrogen or synthesis gas C01B;cracking or pyrolysis of hydrocarbon gases to individual hydrocarbons or mixtures thereof of definite or specified constitution C07C;cracking to cokes C10B); RECOVERY OF HYDROCARBON OILS FROM OIL-SHALE. OIL-SAND. OR GASES; REFINING MIXTURES MAINLY CONSISTING OF HYDROCARBONS; REFORMING OF NAPHTHA; MINERAL WAXES
C10H,0.784,0.3213,3,177,1832,PRODUCTION OF ACETYLENE BY WET METHODS
C10J,0.9412,0.6463,3,406,116362,PRODUCTION OF GASES CONTAINING CARBON MONOXIDE AND HYDROGEN FROM SOLID CARBONACEOUS MATERIALS BY PARTIAL OXIDATION PROCESSES INVOLVING OXYGEN OR STEAM  (underground gasification of minerals E21B0043295000); CARBURETTING AIR OR OTHER GASES
C10K,1.0238,0.5381,3,325,77766,PURIFYING OR MODIFYING THE CHEMICAL COMPOSITION OF COMBUSTIBLE GASES CONTAINING CARBON MONOXIDE
C10L,0.8884,0.2976,3,527,339775,FUELS NOT OTHERWISE PROVIDED FOR; NATURAL GAS; SYNTHETIC NATURAL GAS OBTAINED BY PROCESSES NOT COVERED BY SUBCLASSES C10G OR  C10K; LIQUEFIED PETROLEUM GAS;  USE OF ADDITIVES TO FUELS OR FIRES;  FIRE-LIGHTERS
C10M,0.8093,0.0822,3,543,431853,LUBRICATING COMPOSITIONS (well drilling compositions C09K0008020000); USE OF CHEMICAL SUBSTANCES EITHER ALONE OR AS LUBRICATING INGREDIENTS IN A LUBRICATING COMPOSITION (mould release. i.e. separating. agents for metals B22C0003000000. for plastics or substances in a plastic state. in general B29C0033560000. for glass C03B0040020000;textile lubricating compositions D06M0011000000. D06M0013000000. D06M0015000000;immersion oils for microscopy G02B0021330000)
C10N,0.8625,0.0902,3,457,271997,INDEXING SCHEME ASSOCIATED WITH SUBCLASS C10M
C11B,1.3098,-0.1607,3,462,299904,PRODUCING. e.g. BY PRESSING RAW MATERIALS OR BY EXTRACTION FROM WASTE MATERIALS. REFINING OR PRESERVING FATS. FATTY SUBSTANCES. e.g. LANOLIN. FATTY OILS OR WAXES; ESSENTIAL OILS; PERFUMES (drying-oils C09F)
C11C,1.4085,-0.1076,3,384,105208,FATTY ACIDS OBTAINED FROM FATS. OILS OR WAXES; CANDLES; FATS. OILS OR FATTY ACIDS OBTAINED BY CHEMICAL MODIFICATION OF FATS. OILS OR FATTY ACIDS
C11D,0.8909,-0.2494,3,564,696896,DETERGENT COMPOSITIONS; USE OF SINGLE SUBSTANCES AS DETERGENTS; SOAP OR SOAP-MAKING; RESIN SOAPS; RECOVERY OF GLYCEROL
C12C,1.5094,-0.116,3,354,54238,BEER; PREPARATION OF BEER BY FERMENTATION (ageing or ripening by storing C12H0001220000;methods for reducing the alcohol content after fermentation C12H0003000000;  methods for increasing the alcohol content after fermentation C12H0006000000;venting devices for casks. barrels or the like C12L0009000000); PREPARATION OF MALT FOR MAKING BEER; PREPARATION OF HOPS FOR MAKING BEER
C12F,1.5254,-0.025,3,184,10078,RECOVERY OF BY-PRODUCTS OF FERMENTED SOLUTIONS (removal of yeast from wine or sparkling wine C12G0001080000); DENATURED ALCOHOL; PREPARATION THEREOF
C12G,1.479,-0.1334,3,370,116866,WINE; PREPARATION THEREOF; ALCOHOLIC BEVERAGES (beer C12C); PREPARATION OF ALCOHOLIC BEVERAGES NOT PROVIDED FOR IN SUBCLASSES C12C OR C12H
C12H,1.4656,-0.0938,3,343,59755,PASTEURISATION. STERILISATION. PRESERVATION. PURIFICATION. CLARIFICATION OR AGEING OF ALCOHOLIC BEVERAGES; METHODS FOR ALTERING THE ALCOHOL CONTENT OF FERMENTED SOLUTIONS OR ALCOHOLIC BEVERAGES  (deacidification of wine C12G0001100000;preventing winestone precipitation C12G0001120000;simulation ageing by flavouring C12G0003060000)
C12J,1.6523,-0.1903,3,152,13048,VINEGAR; PREPARATION OR PURIFICATION THEREOF
C12L,1.1235,-0.0601,3,136,2598,PITCHING OR DEPITCHING MACHINES; CELLAR TOOLS
C12M,0.8757,-0.0797,3,541,604452,APPARATUS FOR ENZYMOLOGY OR MICROBIOLOGY  (installations for fermenting manure A01C0003020000; preservation of living parts of humans or animals A01N0001100000; brewing apparatus C12C; fermentation apparatus for wine C12G; apparatus for preparing vinegar C12J0001100000)
C12N,1.1232,-0.1813,3,583,5498886,MICROORGANISMS OR ENZYMES; COMPOSITIONS THEREOF; PROPAGATING. PRESERVING. OR MAINTAINING MICROORGANISMS; MUTATION OR GENETIC ENGINEERING; CULTURE MEDIA (microbiological testing media C12Q0001000000)
C12P,1.282,-0.1883,3,521,2537341,FERMENTATION OR ENZYME-USING PROCESSES TO SYNTHESISE A DESIRED CHEMICAL COMPOUND OR COMPOSITION OR TO SEPARATE OPTICAL ISOMERS FROM A RACEMIC MIXTURE
C12Q,0.9068,-0.2197,3,521,2281910,MEASURING OR TESTING PROCESSES INVOLVING ENZYMES. NUCLEIC ACIDS OR MICROORGANISMS (immunoassay G01N0033530000); COMPOSITIONS OR TEST PAPERS THEREFOR; PROCESSES OF PREPARING SUCH COMPOSITIONS; CONDITION-RESPONSIVE CONTROL IN MICROBIOLOGICAL OR ENZYMOLOGICAL PROCESSES
C12R,1.3586,-0.1867,3,436,1557377,INDEXING SCHEME ASSOCIATED WITH SUBCLASSES C12C-C12Q. RELATING TO MICROORGANISMS
C13B,1.3556,-0.0277,3,338,34479,PRODUCTION OF SUCROSE; APPARATUS SPECIALLY ADAPTED THEREFOR (chemically synthesised sugars or sugar derivatives C07H; fermentation or enzyme-using processes for preparing compounds containing saccharide radicals C12P0019000000)
C13K,1.5327,-0.1657,3,246,50797,SACCHARIDES OBTAINED FROM NATURAL SOURCES OR BY HYDROLYSIS OF NATURALLY OCCURRING DISACCHARIDES. OLIGOSACCHARIDES OR POLYSACCHARIDES (production of sucrose C13B;chemically synthesised sugars or sugar derivatives C07H;polysaccharides. e.g. starch. derivatives thereof C08B;malt C12C;fermentation or enzyme-using processes for preparing compounds containing saccharide radicals C12P0019000000)
C14B,0.4255,-0.7126,2,379,20407,MECHANICAL TREATMENT OR PROCESSING OF SKINS. HIDES. OR LEATHER IN GENERAL; PELT-SHEARING MACHINES; INTESTINE-SPLITTING MACHINES (mechanical cleaning of hides or the like D06G)
C14C,0.7838,-0.5737,2,376,50455,TREATING SKINS. HIDES OR LEATHER WITH CHEMICALS. ENZYMES OR MICROORGANISMS. e.g. TANNING. IMPREGNATING OR FINISHING; APPARATUS THEREFOR; COMPOSITIONS FOR TANNING (bleaching  of leather or furs D06L;dyeing of leather or furs D06P)
C21B,0.7261,0.622,7,455,161870,MANUFACTURE OF IRON OR STEEL (preliminary treatment of ferrous ores or scrap C22B0001000000)
C21C,0.603,0.5672,7,487,206800,PROCESSING OF PIG-IRON. e.g. REFINING. MANUFACTURE OF WROUGHT-IRON OR STEEL; TREATMENT IN MOLTEN STATE OF FERROUS ALLOYS
C21D,0.2456,0.2953,5,572,641518,MODIFYING THE PHYSICAL STRUCTURE OF FERROUS METALS; GENERAL DEVICES FOR HEAT TREATMENT OF FERROUS OR NON-FERROUS METALS OR ALLOYS; MAKING METAL MALLEABLE. e.g. BY DECARBURISATION OR TEMPERING (cementation by diffusion processes C23C;surface treatment of metallic material involving at least one process provided for in class C23 and at least one process covered by this subclass C23F0017000000;unidirectional solidification of eutectic materials or unidirectional demixing of eutectoid materials C30B)
C22B,0.7195,0.3918,3,547,429672,PRODUCTION OR REFINING OF METALS (making metallic powder or suspensions thereof B22F0009000000; production of metals by electrolysis or electrophoresis  C25); PRETREATMENT OF RAW MATERIALS
C22C,0.2141,0.2436,5,612,1253798,ALLOYS (treatment of alloys C21D. C22F)
C22F,0.251,0.3063,5,470,281908,CHANGING THE PHYSICAL STRUCTURE OF NON-FERROUS METALS OR NON-FERROUS ALLOYS (processes specific to heat treatment of ferrous alloys or steels and devices for heat treatment of metals or alloys C21D)
C23C,0.1399,0.0535,5,626,1647438,COATING METALLIC MATERIAL; COATING MATERIAL WITH METALLIC MATERIAL; SURFACE TREATMENT OF METALLIC MATERIAL BY DIFFUSION INTO THE SURFACE. BY CHEMICAL CONVERSION OR SUBSTITUTION; COATING BY VACUUM EVAPORATION. BY SPUTTERING. BY ION IMPLANTATION OR BY CHEMICAL VAPOUR DEPOSITION. IN GENERAL (making metal-coated products by extrusion B21C0023220000;covering with metal by connecting pre-existing layers to articles. see the relevant places. e.g. B21D0039000000. B23K;metallising of glass C03C;metallising mortars. concrete. artificial stone. ceramics or natural stone C04B0041000000;enamelling of. or applying a vitreous layer to. metals C23D;treating metal surfaces or coating of metals by electrolysis or electrophoresis C25D;single-crystal film growth C30B;by metallising textiles D06M0011830000;decorating textiles by locally metallising D06Q0001040000)
C23D,0.4219,0.0664,5,331,24370,ENAMELLING OF. OR APPLYING A VITREOUS LAYER TO. METALS
C23F,0.3244,0.043,5,577,374992,NON-MECHANICAL REMOVAL OF METALLIC MATERIAL FROM SURFACES (working of metal by electro-erosion B23H;desurfacing by applying flames B23K0007000000;working metal by laser beam B23K0026000000); INHIBITING CORROSION OF METALLIC MATERIAL; INHIBITING INCRUSTATION IN GENERAL (treating metal surfaces or coating of metals by electrolysis or electrophoresis C25D. C25F); MULTI-STEP PROCESSES FOR SURFACE TREATMENT OF METALLIC MATERIAL INVOLVING AT LEAST ONE PROCESS PROVIDED FOR IN CLASS C23 AND AT LEAST ONE PROCESS COVERED BY SUBCLASS C21D OR C22F OR CLASS C25
C23G,0.5237,0.0713,5,515,169848,CLEANING OR DEGREASING OF METALLIC MATERIAL BY CHEMICAL METHODS OTHER THAN ELECTROLYSIS
C25B,0.6379,0.2429,3,544,270711,ELECTROLYTIC OR ELECTROPHORETIC PROCESSES FOR THE PRODUCTION OF COMPOUNDS OR NON- METALS; APPARATUS THEREFOR (anodic or cathodic protection C23F0013000000;single-crystal growth C30B)
C25C,0.6722,0.3225,3,448,95426,PROCESSES FOR THE ELECTROLYTIC PRODUCTION. RECOVERY OR REFINING OF METALS; APPARATUS THEREFOR (anodic or cathodic protection C23F0013000000;single-crystal growth C30B)
C25D,0.2485,0.0059,5,587,396231,PROCESSES FOR THE ELECTROLYTIC OR ELECTROPHORETIC PRODUCTION OF COATINGS; ELECTROFORMING (manufacturing printed circuits by metal deposition H05K0003180000); JOINING WORKPIECES BY ELECTROLYSIS; APPARATUS THEREFOR (anodic or cathodic protection C23F0013000000;single-crystal growth C30B)
C25F,0.3366,0.0379,5,423,65282,PROCESSES FOR THE ELECTROLYTIC REMOVAL OF MATERIALS FROM OBJECTS; APPARATUS THEREFOR (treatment of water. waste water or sewage by electrochemical methods C02F0001460000;anodic or cathodic protection C23F0013000000)
C30B,0.1595,-0.0054,1,511,338294,SINGLE-CRYSTAL GROWTH (by using ultra-high pressure. e.g. for the formation of diamonds. B01J0003060000); UNIDIRECTIONAL SOLIDIFICATION OF EUTECTIC MATERIAL OR UNIDIRECTIONAL DEMIXING OF EUTECTOID MATERIAL; REFINING BY ZONE-MELTING OF MATERIAL (zone-refining of metals or alloys C22B); PRODUCTION OF A HOMOGENEOUS POLYCRYSTALLINE MATERIAL WITH DEFINED STRUCTURE (casting of metals. casting of other substances by the same processes or devices B22D;working of plastics B29;modifying the physical structure of metals or alloys C21D. C22F); SINGLE CRYSTALS OR HOMOGENEOUS POLYCRYSTALLINE MATERIAL WITH DEFINED STRUCTURE; AFTER-TREATMENT OF SINGLE CRYSTALS OR A HOMOGENEOUS POLYCRYSTALLINE MATERIAL WITH DEFINED STRUCTURE (for producing semiconductor devices or parts thereof H01L. H10); APPARATUS THEREFOR
C40B,1.0259,-0.2027,3,327,214762,COMBINATORIAL CHEMISTRY; LIBRARIES. e.g. CHEMICAL LIBRARIES   (in silico combinatorial libraries of nucleic acids. proteins or peptides G16B0035000000;in silico combinatorial chemistry G16C0020600000)
C99Z,1.3115,-0.276,3,63,387,SUBJECT MATTER NOT OTHERWISE PROVIDED FOR IN THIS SECTION
D01B,0.8254,-0.6316,2,337,15225,MECHANICAL TREATMENT OF NATURAL FIBROUS OR FILAMENTARY MATERIAL TO OBTAIN FIBRES OR FILAMENTS. e.g. FOR SPINNING (crude extraction of asbestos fibres from ores B03B;apparatus for retting D01C)
D01C,0.9584,-0.6735,2,291,12794,CHEMICAL OR BIOLOGICAL TREATMENT OF NATURAL FILAMENTARY OR FIBROUS MATERIAL TO OBTAIN FILAMENTS OR FIBRES FOR SPINNING; CARBONISING RAGS TO RECOVER ANIMAL FIBRES
D01D,0.563,-0.6664,2,531,282994,MECHANICAL METHODS OR APPARATUS IN THE MANUFACTURE OF MAN-MADE FILAMENTS. THREADS. FIBRES. BRISTLES OR RIBBONS (working or processing of metal wire B21F;fibres or filaments of softened glass. minerals or slag C03B0037000000)
D01F,0.5614,-0.5698,2,557,587024,CHEMICAL FEATURES IN THE MANUFACTURE OF MAN-MADE FILAMENTS. THREADS. FIBRES. BRISTLES OR RIBBONS; APPARATUS SPECIALLY ADAPTED FOR THE MANUFACTURE OF CARBON FILAMENTS
D01G,0.5349,-0.703,2,443,54878,PRELIMINARY TREATMENT OF FIBRES. e.g. FOR SPINNING (winding or unwinding. conducting or guiding laps. webs. slivers. or rovings in general. sliver or roving cans. depositing in sliver or roving cans B65H;preparation of fibres for paper-making D21)
D01H,0.3228,-0.7765,2,483,88706,SPINNING OR TWISTING (twisting oakum D01G0035000000;crimping or curling of fibres. filaments. or yarns D02G0001000000)
D02G,0.4336,-0.7737,2,527,229411,CRIMPING OR CURLING FIBRES. FILAMENTS. YARNS. OR THREADS; YARNS OR THREADS
D02H,0.3079,-1.0295,2,203,11906,WARPING. BEAMING. OR LEASING
D02J,0.5397,-0.8686,2,441,87223,FINISHING OR DRESSING OF FILAMENTS. YARNS. THREADS. CORDS. ROPES. OR THE LIKE (curling or crimping D02G;by treatment with liquids. gases or vapours D06B;finishing other than by liquid treatment. of yarns in warp or sheet form D06C;for chemical matters. seeD06L. D06M. D06P. D06Q;treatment during rope-making. apparatus for treating ropes auxiliary to rope-making D07B)
D03C,0.1649,-0.9266,2,293,16383,SHEDDING MECHANISMS; PATTERN CARDS OR CHAINS; PUNCHING OF CARDS; DESIGNING PATTERNS
D03D,0.2764,-0.7752,2,569,305914,WOVEN FABRICS; METHODS OF WEAVING; LOOMS
D03J,0.3254,-1.008,2,308,25770,AUXILIARY WEAVING APPARATUS; WEAVERS' TOOLS; SHUTTLES
D04B,0.2537,-0.817,2,514,151764,KNITTING
D04C,0.2772,-0.7107,2,405,27659,BRAIDING OR MANUFACTURE OF LACE. INCLUDING BOBBIN-NET OR CARBONISED LACE; BRAIDING MACHINES; BRAID; LACE (machines for making soles from strips of material A43D0029000000;cane working B27J0001000000)
D04D,0.2025,-0.8904,2,305,17115,TRIMMINGS; RIBBONS. TAPES. OR BANDS. NOT OTHERWISE PROVIDED FOR (fittings or trimmings for hats. e.g. hat bands. A42C0005000000;decorating art B44;yarns or threads D02G;weaving D03;braid or lace D04C;non-woven fabrics D04H)
D04G,0.309,-0.8211,2,238,7363,MAKING NETS BY KNOTTING OF FILAMENTARY MATERIAL; MAKING KNOTTED CARPETS OR TAPESTRIES; KNOTTING NOT OTHERWISE PROVIDED FOR (binding knotters for harvesters A01D0059040000;wire netting B21F;tying articles by knotting B65B;knotting in association with winding or unwinding B65H0069000000;knotting in weaving D03J)
D04H,0.4211,-0.5754,2,570,499118,MAKING TEXTILE FABRICS. e.g. FROM FIBRES OR FILAMENTARY MATERIAL (weaving D03;knitting D04B;braiding D04C;net-making D04G;sewing D05B;tufting D05C;finishing non-woven fabrics D06); FABRICS MADE BY SUCH PROCESSES OR APPARATUS. e.g. FELTS. NON-WOVEN FABRICS; COTTON-WOOL; WADDING (non-woven fabrics having an intermediate or external layer of a different kind. e.g. of woven fabric. B32B)
D05B,0.0712,-0.7609,2,489,66690,SEWING (appliances for the tailoring trade A41H;sewing tables A47B0029000000;sewing in bookbinding B42B0002000000;sewing machines modified for knitting D04B0039080000)
D05C,0.1965,-0.8932,2,366,38731,EMBROIDERING (programme-controlled sewing machines with embroidering capability D05B0019000000. D05B0021000000); TUFTING (making non-woven fabrics D04H;sewing D05B)
D06B,0.5097,-0.7552,2,508,173641,TREATING TEXTILE MATERIALS USING LIQUIDS. GASES OR VAPOURS (mechanical treatment of natural fibrous or filamentary material to obtain fibres or filaments D01B)
D06C,0.4378,-0.7932,2,480,152394,FINISHING. DRESSING. TENTERING OR STRETCHING TEXTILE FABRICS
D06F,0.1361,-0.1042,6,580,219218,LAUNDERING. DRYING. IRONING. PRESSING OR FOLDING TEXTILE ARTICLES
D06G,0.4577,-0.8494,2,274,25761,MECHANICAL OR PRESSURE CLEANING OF CARPETS. RUGS. SACKS. HIDES. OR OTHER SKIN OR TEXTILE ARTICLES OR FABRICS; TURNING INSIDE-OUT FLEXIBLE TUBULAR OR OTHER HOLLOW ARTICLES
D06H,0.2688,-0.7589,2,444,88408,MARKING. INSPECTING. SEAMING OR SEVERING TEXTILE MATERIALS (seaming by sewing D05B)
D06J,0.3269,-0.9191,2,162,5627,PLEATING. KILTING OR GOFFERING TEXTILE FABRICS OR WEARING APPAREL (by sewing D05B)
D06L,0.9778,-0.5137,3,402,126998,DRY-CLEANING. WASHING OR BLEACHING FIBRES. FILAMENTS. THREADS. YARNS. FABRICS. FEATHERS OR MADE-UP FIBROUS GOODS; BLEACHING LEATHER OR FURS
D06M,0.5817,-0.5572,2,585,705234,TREATMENT. NOT PROVIDED FOR ELSEWHERE IN CLASS D06. OF FIBRES. THREADS. YARNS. FABRICS. FEATHERS OR FIBROUS GOODS MADE FROM SUCH MATERIALS
D06N,0.3814,-0.5882,2,503,222657,WALL. FLOOR. OR LIKE COVERING MATERIALS. e.g. LINOLEUM. OILCLOTH. ARTIFICIAL LEATHER. ROOFING FELT. CONSISTING OF A FIBROUS WEB COATED WITH A LAYER OF MACROMOLECULAR MATERIAL; FLEXIBLE SHEET MATERIAL NOT OTHERWISE PROVIDED FOR
D06P,0.7048,-0.6484,2,488,294795,DYEING OR PRINTING TEXTILES; DYEING LEATHER. FURS OR SOLID MACROMOLECULAR SUBSTANCES IN ANY FORM
D06Q,0.3639,-0.8451,2,329,36112,DECORATING TEXTILES (textile threads. filaments. yarns or tow. glued on macromolecular material D06N0007000000)
D07B,0.0871,-0.3819,2,478,70003,ROPES OR CABLES IN GENERAL (joining ropes or cables to one another or to other objects B65H0069000000. F16G0011000000;mechanical finishing or dressing of ropes D02J;decorative ropes or cords D04D;suspension cables for bridges E01D0019160000;specially adapted for driving. or for being driven by. pulleys or other gearing elements F16G0009000000;electric cables or joints insofar as electrical aspects are essential H01B. H01R)
D21B,1.0741,-0.2855,3,374,65328,FIBROUS RAW MATERIALS OR THEIR MECHANICAL TREATMENT
D21C,1.0858,-0.216,3,453,151208,PRODUCTION OF CELLULOSE BY REMOVING NON-CELLULOSE SUBSTANCES FROM CELLULOSE- CONTAINING MATERIALS; REGENERATION OF PULPING LIQUORS; APPARATUS THEREFOR
D21D,1.0474,-0.1953,3,358,59138,TREATMENT OF THE MATERIALS BEFORE PASSING TO THE PAPER-MAKING MACHINE
D21F,0.6359,-0.4093,2,513,167891,PAPER-MAKING MACHINES; METHODS OF PRODUCING PAPER THEREON
D21G,0.5165,-0.4096,2,363,65150,CALENDERS; ACCESSORIES FOR PAPER-MAKING MACHINES (winders or rewinders for finished products. means for adjustment of wrinkles or lateral extensions B65H)
D21H,0.6329,-0.4164,2,557,560788,PULP COMPOSITIONS; PREPARATION THEREOF NOT COVERED BY SUBCLASSES D21C. D21D; IMPREGNATING OR COATING OF PAPER; TREATMENT OF FINISHED PAPER NOT COVERED BY CLASS B31 OR SUBCLASS D21G; PAPER NOT OTHERWISE PROVIDED FOR
D21J,0.6857,-0.4534,2,378,35196,FIBREBOARD; MANUFACTURE OF ARTICLES FROM CELLULOSIC FIBROUS SUSPENSIONS OR FROM PAPIER-MÂCHÉ (manufacture of articles by dry processes B27N)
D99Z,0.3901,-0.4789,2,20,26,SUBJECT MATTER NOT OTHERWISE PROVIDED FOR IN THIS SECTION
E01B,-0.542,0.4476,4,491,94307,PERMANENT WAY; PERMANENT-WAY TOOLS; MACHINES FOR MAKING RAILWAYS OF ALL KINDS (derailing or rerailing blocks on track. track brakes or retarders B61K;removal of foreign matter from the permanent way. vegetation control. applying liquids E01H)
E01C,-0.037,0.1856,6,557,302246,CONSTRUCTION OF. OR SURFACES FOR. ROADS. SPORTS GROUNDS. OR THE LIKE; MACHINES OR AUXILIARY TOOLS FOR CONSTRUCTION OR REPAIR (forming road or like surfaces by compacting or grading snow or ice E01H)
E01D,-0.2385,0.3059,6,447,154869,BRIDGES (bridges extending between terminal buildings and aircraft for embarking or disembarking passengers B64F0001305000)
E01F,-0.3738,0.1342,6,519,244914,ADDITIONAL WORK. SUCH AS EQUIPPING ROADS OR THE CONSTRUCTION OF PLATFORMS. HELICOPTER LANDING STAGES. SIGNS. SNOW FENCES. OR THE LIKE
E01H,-0.0468,0.3313,6,493,101237,STREET CLEANING; CLEANING OF PERMANENT WAYS; CLEANING BEACHES; CLEANING LAND; DISPERSING FOG IN GENERAL (mowers convertible to apparatus for sweeping or cleaning lawns or other surfaces. e.g. to remove snow. or capable of sweeping or cleaning lawns or other surfaces A01D0042060000;cleaning in general B08B)
E02B,-0.1279,0.4592,6,563,309809,HYDRAULIC ENGINEERING (ship-lifting E02C;dredging E02F)
E02C,-0.4563,0.6712,6,181,3021,SHIP-LIFTING DEVICES OR MECHANISMS
E02D,-0.1124,0.3422,6,578,525454,FOUNDATIONS; EXCAVATIONS; EMBANKMENTS (specially adapted for hydraulic engineering E02B); UNDERGROUND OR UNDERWATER STRUCTURES
E02F,-0.2783,0.4784,4,539,317513,DREDGING; SOIL-SHIFTING (winning peat E21C0049000000)
E03B,0.0598,0.415,6,528,209974,INSTALLATIONS OR METHODS FOR OBTAINING. COLLECTING. OR DISTRIBUTING WATER (drilling wells. obtaining fluids in general from wells E21B;pipe-line systems in general F17D)
E03C,0.1353,0.3401,6,487,184440,DOMESTIC PLUMBING INSTALLATIONS FOR FRESH WATER OR WASTE WATER (not connected to either water-supply main or to waste pipe A47K;devices of the kind used in the ground E03B. E03F); SINKS
E03D,0.0728,0.2507,6,453,106614,WATER-CLOSETS OR URINALS WITH FLUSHING DEVICES; FLUSHING VALVES THEREFOR
E03F,0.0704,0.4137,6,486,233754,SEWERS; CESSPOOLS
E04B,-0.0991,0.0892,6,619,1183831,GENERAL BUILDING CONSTRUCTIONS; WALLS. e.g. PARTITIONS; ROOFS; FLOORS; CEILINGS; INSULATION OR OTHER PROTECTION OF BUILDINGS (border constructions of openings in walls. floors. or ceilings E06B0001000000)
E04C,0.0012,0.0175,6,588,592815,STRUCTURAL ELEMENTS; BUILDING MATERIALS (for bridges E01D;specially designed for insulation or other protection E04B;elements used as building aids E04G;for mining E21;for tunnels E21D;structural elements with broader range of application than for building engineering F16. particularly F16S)
E04D,-0.0411,0.1495,6,539,290370,ROOF COVERINGS; SKY-LIGHTS; GUTTERS; ROOF-WORKING TOOLS (coverings of outer walls by plaster or other porous material E04F0013000000)
E04F,-0.001,-0.0255,6,588,625210,FINISHING WORK ON BUILDINGS. e.g. STAIRS. FLOORS (windows. doors E06B)
E04G,-0.1454,0.1955,6,575,488835,SCAFFOLDING; FORMS; SHUTTERING; BUILDING IMPLEMENTS OR AIDS. OR THEIR USE; HANDLING BUILDING MATERIALS ON THE SITE; REPAIRING. BREAKING-UP OR OTHER WORK ON EXISTING BUILDINGS
E04H,-0.2766,0.1335,6,612,732203,BUILDINGS OR LIKE STRUCTURES FOR PARTICULAR PURPOSES; SWIMMING OR SPLASH BATHS OR POOLS; MASTS; FENCING; TENTS OR CANOPIES. IN GENERAL (foundations E02D)
E05B,-0.7164,0.0672,6,574,439748,LOCKS; ACCESSORIES THEREFOR; HANDCUFFS
E05C,-0.7152,0.116,6,515,204768,BOLTS OR FASTENING DEVICES FOR WINGS. SPECIALLY FOR DOORS OR WINDOWS (latching means for sideboard or tailgate structures for vehicles B62D0033037000;fastening devices for constructional or engineering elements E04. F16B;locks. fastening devices structurally or operatively combined or having significant cooperation with locks E05B;means for operating or controlling wing fasteners in conjunction with mechanisms for moving the wing E05F)
E05D,-0.5872,0.1153,6,530,253710,HINGES OR SUSPENSION DEVICES FOR DOORS. WINDOWS OR WINGS (pivotal connections in general F16C0011000000)
E05F,-0.626,0.1675,6,536,336994,DEVICES FOR MOVING WINGS INTO OPEN OR CLOSED POSITION; CHECKS FOR WINGS; WING FITTINGS NOT OTHERWISE PROVIDED FOR. CONCERNED WITH THE FUNCTIONING OF THE WING
E05G,-0.8674,-0.1352,6,344,34437,SAFES OR STRONG-ROOMS FOR VALUABLES; BANK PROTECTION DEVICES; SAFETY TRANSACTION PARTITIONS (alarm arrangements per seG08B)
E06B,-0.3663,0.0121,6,604,623815,FIXED OR MOVABLE CLOSURES FOR OPENINGS IN BUILDINGS. VEHICLES. FENCES. OR LIKE ENCLOSURES. IN GENERAL. e.g. DOORS. WINDOWS. BLINDS. GATES (shades or blinds for greenhouses A01G0009220000;curtains A47H;lids for car boots or bonnets B62D0025100000;sky-lights E04B0007180000;sunshades. awnings E04F0010000000)
E06C,-0.4253,0.2335,6,427,43663,LADDERS (E04F0011000000 takes precedence;step-stools A47C0012000000;adaptation of ladders to use on ships B63B. to use on aircraft B64;scaffolding E04G)
E21B,-0.0569,0.3887,4,597,651353,EARTH OR ROCK DRILLING; OBTAINING OIL. GAS. WATER. SOLUBLE OR MELTABLE MATERIALS OR A SLURRY OF MINERALS FROM WELLS
E21C,-0.105,0.5371,4,479,111443,MINING OR QUARRYING
E21D,-0.1745,0.476,4,519,199549,SHAFTS; TUNNELS; GALLERIES; LARGE UNDERGROUND CHAMBERS (soil-conditioning or soil-stabilising materials C09K0017000000;cutting machines for mining or quarrying E21C;safety devices. transport. rescue. ventilation or drainage E21F)
E21F,-0.2379,0.51,4,507,142469,SAFETY DEVICES. TRANSPORT. FILLING-UP. RESCUE. VENTILATION. OR DRAINAGE IN OR OF MINES OR TUNNELS
E99Z,-0.3003,0.2859,6,45,61,SUBJECT MATTER NOT OTHERWISE PROVIDED FOR IN THIS SECTION
F01B,-0.1645,1.0056,4,483,94380,MACHINES OR ENGINES. IN GENERAL OR OF POSITIVE-DISPLACEMENT TYPE. e.g. STEAM ENGINES  (of rotary-piston or oscillating-piston type F01C;of non-positive-displacement type F01D; internal-combustion engines F02B; combustion-product engine plants F02G; machines or engines. other than of positive-displacement type. for liquids F03B;  positive-displacement engines driven by liquids F03C;  wind motors F03D;  positive displacement machines for liquids F04B;  rotary-piston. or oscillating-piston. positive-displacement machines for liquids F04C)
F01C,-0.1164,1.1039,4,409,97438,ROTARY-PISTON OR OSCILLATING-PISTON MACHINES OR ENGINES (combustion engines F02;internal-combustion aspects F02B0053000000. F02B0055000000;machines for liquids F03. F04)
F01D,0.0797,0.7563,4,563,476940,NON-POSITIVE-DISPLACEMENT MACHINES OR ENGINES. e.g. STEAM TURBINES (combustion engines F02;machines or engines for liquids F03. F04;non-positive-displacement pumps F04D)
F01K,0.3204,0.9523,4,455,180183,STEAM ENGINE PLANTS; STEAM ACCUMULATORS; ENGINE PLANTS NOT OTHERWISE PROVIDED FOR; ENGINES USING SPECIAL WORKING FLUIDS OR CYCLES (gas-turbine or jet-propulsion plants F02;steam generation F22;nuclear power plants. engine arrangements therein G21D)
F01L,-0.224,0.9142,4,459,190762,CYCLICALLY OPERATING VALVES FOR MACHINES OR ENGINES
F01M,-0.11,0.8935,4,434,180667,LUBRICATING OF MACHINES OR ENGINES IN GENERAL; LUBRICATING INTERNAL-COMBUSTION ENGINES; CRANKCASE VENTILATING
F01N,0.0586,0.6949,4,550,507887,GAS-FLOW SILENCERS OR EXHAUST APPARATUS FOR MACHINES OR ENGINES IN GENERAL; GAS-FLOW SILENCERS OR EXHAUST APPARATUS FOR INTERNAL-COMBUSTION ENGINES (arrangements in connection with gas exhaust of propulsion units in vehicles B60K0013000000;combustion-air intake silencers specially adapted for. or arranged on. internal-combustion engines F02M0035000000;protecting against. or damping. noise in general G10K0011160000)
F01P,-0.1975,0.8924,4,455,226834,COOLING OF MACHINES OR ENGINES IN GENERAL; COOLING OF INTERNAL-COMBUSTION ENGINES (arrangements in connection with cooling of propulsion units in vehicles B60K0011000000;heat-transfer. heat-exchange or heat-storage materials C09K0005000000;heat-exchange in general. radiators F28)
F02B,-0.1537,0.8033,4,580,880121,INTERNAL-COMBUSTION PISTON ENGINES; COMBUSTION ENGINES IN GENERAL (gas-turbine plants F02C;hot-gas or combustion-product positive-displacement engine plants F02G)
F02C,0.1297,0.8622,4,509,397998,GAS-TURBINE PLANTS; AIR INTAKES FOR JET-PROPULSION PLANTS; CONTROLLING FUEL SUPPLY IN AIR-BREATHING JET-PROPULSION PLANTS (construction of turbines F01D;jet-propulsion plants F02K;construction of compressors or fans F04;combustion apparatus in which combustion takes place in a fluidised bed of fuel or other particles F23C0010000000;generating combustion products of high pressure or high velocity F23R;using gas turbines in compression refrigeration plants F25B0011000000)
F02D,-0.3359,0.7526,4,525,853855,CONTROLLING COMBUSTION ENGINES  (vehicle fittings. acting on a single sub-unit only. for automatically controlling vehicle speed B60K0031000000; conjoint control of vehicle sub-units of different type or different function. road vehicle drive control systems for purposes other than the control of a single sub-unit B60W)
F02F,-0.138,0.8824,4,438,268252,CYLINDERS. PISTONS. OR CASINGS FOR COMBUSTION ENGINES; ARRANGEMENTS OF SEALINGS IN COMBUSTION ENGINES
F02G,0.0884,1.0176,4,431,87037,HOT-GAS OR COMBUSTION-PRODUCT POSITIVE-DISPLACEMENT ENGINE PLANTS (steam engine plants. special vapour plants. plants operating on either hot gas or combustion-product gases together with other fluid F01K;gas-turbine plants F02C;jet-propulsion plants F02K); USE OF WASTE HEAT OF COMBUSTION ENGINES. NOT OTHERWISE PROVIDED FOR
F02K,-0.1532,0.8223,4,442,109544,JET-PROPULSION PLANTS (arrangement or mounting of jet-propulsion plants in land vehicles or vehicles in general B60K;arrangement or mounting of jet-propulsion plants in waterborne vessels B63H;controlling aircraft attitude. flight direction or altitude by jet reaction B64C0015000000. B64U0050100000;arrangement or mounting of jet-propulsion plants in aircraft B64D0027000000. B64U0050100000;plants characterised by the power of the working fluid being divided between jet propulsion and another form of propulsion. e.g. propeller. F02B. F02C;features of jet-propulsion plants common to gas-turbine plants. air intakes or fuel supply control of air-breathing jet-propulsion plants F02C)
F02M,-0.1389,0.7767,4,575,693381,SUPPLYING COMBUSTION ENGINES IN GENERAL WITH COMBUSTIBLE MIXTURES OR CONSTITUENTS THEREOF
F02N,-0.4976,0.8452,4,410,133779,STARTING OF COMBUSTION ENGINES; STARTING AIDS FOR SUCH ENGINES. NOT OTHERWISE PROVIDED FOR
F02P,-0.4041,0.7749,4,426,169502,IGNITION. OTHER THAN COMPRESSION IGNITION. FOR INTERNAL-COMBUSTION ENGINES; TESTING OF IGNITION TIMING IN COMPRESSION-IGNITION ENGINES  (specially adapted for rotary-piston or oscillating-piston engines F02B0053120000; ignition of combustion apparatus in general. glowing plugs F23Q; measuring of physical variables in general G01; controlling in general G05; data processing in general G06; electrical components in general. see section H; sparking plugs H01T)
F03B,-0.2387,0.716,4,494,111249,MACHINES OR ENGINES FOR LIQUIDS (machines or engines for liquids and elastic fluids F01;positive-displacement engines for liquids F03C;positive-displacement machines for liquids F04)
F03C,-0.1853,1.0894,4,366,52328,POSITIVE-DISPLACEMENT ENGINES DRIVEN BY LIQUIDS (positive-displacement engines for liquids and elastic fluids F01;positive-displacement machines for liquids F04;fluid-pressure actuators F15B;fluid gearing F16H)
F03D,-0.3504,0.507,4,522,195995,WIND MOTORS
F03G,-0.1993,0.6641,4,530,106628,SPRING. WEIGHT. INERTIA. OR LIKE MOTORS; MECHANICAL-POWER-PRODUCING DEVICES OR MECHANISMS. NOT OTHERWISE PROVIDED FOR OR USING ENERGY SOURCES NOT OTHERWISE PROVIDED FOR (arrangements in connection with power supply in vehicles from force of nature B60K0016000000;electric propulsion with power supply in vehicles from force of nature B60L0008000000)
F03H,-0.3714,0.6252,1,267,9642,PRODUCING A REACTIVE PROPULSIVE THRUST. NOT OTHERWISE PROVIDED FOR (from combustion products F02K)
F04B,-0.0741,0.6566,4,606,581808,POSITIVE-DISPLACEMENT MACHINES FOR LIQUIDS; PUMPS (machines for liquids. or pumps. of rotary-piston or oscillating-piston type F04C; non-positive-displacement pumps F04D; pumping of fluid by direct contact of another fluid or by using inertia of fluid to be pumped F04F)
F04C,-0.0857,0.9422,4,518,212166,ROTARY-PISTON. OR OSCILLATING-PISTON. POSITIVE-DISPLACEMENT MACHINES FOR LIQUIDS (engines driven by liquids F03C); ROTARY-PISTON. OR OSCILLATING-PISTON. POSITIVE-DISPLACEMENT PUMPS (engine fuel-injection pumps F02M)
F04D,-0.0482,0.5879,4,603,489463,NON-POSITIVE-DISPLACEMENT PUMPS (engine fuel-injection pumps F02M;ion pumps H01J0041120000;electrodynamic pumps H02K0044020000)
F04F,0.1213,0.7169,4,474,57264,PUMPING OF FLUID BY DIRECT CONTACT OF ANOTHER FLUID OR BY USING INERTIA OF FLUID TO BE PUMPED (containers or packages with special means for dispensing liquid or semi-liquid contents by internal gaseous pressure B65D0083140000); SIPHONS
F15B,-0.2744,0.5159,4,589,432001,SYSTEMS ACTING BY MEANS OF FLUIDS IN GENERAL; FLUID-PRESSURE ACTUATORS. e.g. SERVOMOTORS; DETAILS OF FLUID-PRESSURE SYSTEMS. NOT OTHERWISE PROVIDED FOR
F15C,-0.2719,0.458,4,427,39406,FLUID-CIRCUIT ELEMENTS PREDOMINANTLY USED FOR COMPUTING OR CONTROL PURPOSES (transducers F15B0005000000;fluid dynamics in general F15D;computers comprising fluid elements G06D. G06G)
F15D,0.0632,0.6154,4,460,44922,FLUID DYNAMICS. i.e. METHODS OR MEANS FOR INFLUENCING THE FLOW OF GASES OR LIQUIDS
F16B,-0.2431,0.0632,6,620,830462,DEVICES FOR FASTENING OR SECURING CONSTRUCTIONAL ELEMENTS OR MACHINE PARTS TOGETHER. e.g. NAILS. BOLTS. CIRCLIPS. CLAMPS. CLIPS OR WEDGES; JOINTS OR JOINTING (couplings for transmitting rotation F16D)
F16C,-0.173,0.2459,4,602,789698,SHAFTS; FLEXIBLE SHAFTS; MECHANICAL MEANS FOR TRANSMITTING MOVEMENT IN A FLEXIBLE SHEATHING; ELEMENTS OF CRANKSHAFT MECHANISMS; PIVOTS; PIVOTAL CONNECTIONS; ROTARY ENGINEERING ELEMENTS OTHER THAN GEARING. COUPLING. CLUTCH OR BRAKE ELEMENTS; BEARINGS
F16D,-0.4142,0.4455,4,606,672950,COUPLINGS FOR TRANSMITTING ROTATION (gearing for conveying rotation F16H. e.g. fluid gearing F16H0039000000-F16H0047000000); CLUTCHES (dynamo-electric clutches H02K0049000000;clutches using electrostatic attraction H02N0013000000); BRAKES (electrodynamic brake systems for vehicles in general B60L0007000000;dynamo-electric brakes H02K0049000000)
F16F,-0.3592,0.2999,4,625,836797,SPRINGS; SHOCK-ABSORBERS; MEANS FOR DAMPING VIBRATION
F16G,-0.1519,-0.0409,4,531,138916,BELTS. CABLES. OR ROPES. PREDOMINANTLY USED FOR DRIVING PURPOSES; CHAINS; FITTINGS PREDOMINANTLY USED THEREFOR
F16H,-0.3314,0.3909,4,620,1025009,GEARING
F16J,-0.0365,0.4928,4,599,532765,PISTONS; CYLINDERS; PRESSURE VESSELS IN GENERAL; SEALINGS
F16K,-0.0066,0.4825,4,619,843436,VALVES; TAPS; COCKS; ACTUATING-FLOATS; DEVICES FOR VENTING OR AERATING
F16L,0.0132,0.2933,4,631,1088103,PIPES; JOINTS OR FITTINGS FOR PIPES; SUPPORTS FOR PIPES. CABLES OR PROTECTIVE TUBING; MEANS FOR THERMAL INSULATION IN GENERAL
F16M,-0.4783,0.0664,1,607,586024,FRAMES. CASINGS OR BEDS OF ENGINES. MACHINES OR APPARATUS. NOT SPECIFIC TO ENGINES. MACHINES OR APPARATUS PROVIDED FOR ELSEWHERE; STANDS; SUPPORTS
F16N,-0.1492,0.5613,4,546,150178,LUBRICATING
F16P,-0.1921,0.0319,5,517,59902,SAFETY DEVICES IN GENERAL
F16S,-0.2011,0.1059,6,454,56870,CONSTRUCTIONAL ELEMENTS IN GENERAL; STRUCTURES BUILT-UP FROM SUCH ELEMENTS. IN GENERAL
F16T,0.0938,0.7591,4,316,16060,STEAM TRAPS OR LIKE APPARATUS FOR DRAINING-OFF LIQUIDS FROM ENCLOSURES PREDOMINANTLY CONTAINING GASES OR VAPOURS
F17B,0.2239,0.5477,4,235,3845,GAS-HOLDERS OF VARIABLE CAPACITY (self-acting gas cut-off devices A47J0027620000. G05D;flame traps A62C0004000000;gas mixers B01F. F16K0011000000. G05D0011000000;construction or assembling of bulk storage containers employing civil-engineering techniques E04H0007000000;gas compressors F04;valves F16K;damping pulsations in valves or pipes F16K. F16L;pipes F16L;stopping devices for gas mains F16L0055100000;vessels adapted for storing compressed. liquefied. or solidified gases F17C;gas distribution systems F17D0001040000;detecting leakage F17D0005020000. G01M;supervising or alarm devices F17D0005020000. G08B;control of combustion in burners F23N;gas flow or pressure regulators G05D)
F17C,0.1182,0.4863,4,556,251399,VESSELS FOR CONTAINING OR STORING COMPRESSED. LIQUEFIED. OR SOLIDIFIED GASES; FIXED-CAPACITY GAS-HOLDERS; FILLING VESSELS WITH. OR DISCHARGING FROM VESSELS. COMPRESSED. LIQUEFIED. OR SOLIDIFIED GASES (storing fluids in natural or artificial cavities or chambers in the earth B65G0005000000;construction or assembling of bulk storage containers employing civil-engineering techniques E04H0007000000;variable-capacity gas-holders F17B;liquefaction or refrigeration machines. plants. or systems F25)
F17D,0.0844,0.4866,4,551,147034,PIPE-LINE SYSTEMS; PIPE-LINES (distributing water E03B;pumps or compressors F04;fluid dynamics F15D;valves or the like F16K;pipes. laying pipes. supports. joints. branches. repairing. work on the entire line. accessories F16L;steam traps or the like F16T;fluid-pressure electric cables H01B0009060000)
F21H,-0.0987,0.4984,7,88,911,INCANDESCENT MANTLES; OTHER INCANDESCENT BODIES HEATED BY COMBUSTION
F21K,-0.6545,-0.0792,1,469,224693,NON-ELECTRIC LIGHT SOURCES USING LUMINESCENCE; LIGHT SOURCES USING ELECTROCHEMILUMINESCENCE; LIGHT SOURCES USING CHARGES OF COMBUSTIBLE MATERIAL; LIGHT SOURCES USING SEMICONDUCTOR DEVICES AS LIGHT-GENERATING ELEMENTS; LIGHT SOURCES NOT OTHERWISE PROVIDED FOR
F21L,-0.6315,0.0091,1,458,117845,LIGHTING DEVICES OR SYSTEMS THEREOF. BEING PORTABLE OR SPECIALLY ADAPTED FOR TRANSPORTATION
F21S,-0.5379,-0.0052,1,575,1403622,NON-PORTABLE LIGHTING DEVICES; SYSTEMS THEREOF; VEHICLE LIGHTING DEVICES SPECIALLY ADAPTED FOR VEHICLE EXTERIORS
F21V,-0.4911,-0.0315,1,629,2133952,FUNCTIONAL FEATURES OR DETAILS OF LIGHTING DEVICES OR SYSTEMS THEREOF; STRUCTURAL COMBINATIONS OF LIGHTING DEVICES WITH OTHER ARTICLES. NOT OTHERWISE PROVIDED FOR
F21W,-0.6536,-0.011,1,517,547723,INDEXING SCHEME ASSOCIATED WITH SUBCLASSES F21K. F21L. F21S and F21V. RELATING TO USES OR APPLICATIONS OF LIGHTING DEVICES OR SYSTEMS
F21Y,-0.5943,-0.0563,1,555,1130326,INDEXING SCHEME ASSOCIATED WITH SUBCLASSES F21K. F21L. F21S and F21V. RELATING TO THE FORM OR THE KIND OF THE LIGHT SOURCES OR OF THE COLOUR OF THE LIGHT EMITTED
F22B,0.5489,0.8994,7,535,226994,METHODS OF STEAM GENERATION; STEAM BOILERS
F22D,0.6117,1.0428,7,352,56183,PREHEATING. OR ACCUMULATING PREHEATED. FEED-WATER FOR STEAM GENERATION; FEED-WATER SUPPLY FOR STEAM GENERATION; CONTROLLING WATER LEVEL FOR STEAM GENERATION; AUXILIARY DEVICES FOR PROMOTING WATER CIRCULATION WITHIN STEAM BOILERS
F22G,0.645,1.115,7,296,26265,SUPERHEATING OF STEAM
F23B,0.8811,1.1224,7,322,46796,METHODS OR APPARATUS FOR COMBUSTION USING ONLY SOLID FUEL (for combustion of fuels that are solid at room temperatures. but burned in melted form. e.g. candle wax. C11C0005000000. F23C. F23D;using solid fuel suspended in air F23C. F23D0001000000;using solid fuel suspended in liquids F23C. F23D0011000000;using solid fuel together with fluid fuel or with solid fuel suspended in air. simultaneously or alternately. F23C. F23D0017000000)
F23C,0.6901,0.9695,7,458,184833,METHODS OR APPARATUS FOR COMBUSTION USING FLUID FUEL OR SOLID FUEL SUSPENDED IN AIR (burners F23D)
F23D,0.5193,0.8567,7,555,237660,BURNERS
F23G,0.799,0.8315,7,505,256232,CREMATION FURNACES; CONSUMING WASTE OR LOW GRADE FUELS BY COMBUSTION
F23H,0.9319,1.1494,7,243,18438,GRATES (inlets for fluidisation air for fluidised bed combustion apparatus F23C0010200000); CLEANING OR RAKING GRATES
F23J,0.7362,0.8859,7,475,235646,REMOVAL OR TREATMENT OF COMBUSTION PRODUCTS OR COMBUSTION RESIDUES; FLUES (combustion apparatus for consuming smoke or fumes. e.g. exhaust gases. F23G0007060000)
F23K,0.6771,0.9414,7,456,108228,FEEDING FUEL TO COMBUSTION APPARATUS (fuel feeders specially adapted for fluidised bed combustion apparatus F23C0010220000)
F23L,0.7383,1.0261,7,424,157529,SUPPLYING AIR OR NON-COMBUSTIBLE LIQUIDS OR GASES TO COMBUSTION APPARATUS IN GENERAL (firebridges with means for feeding air or steam F23M0003040000;baffles or shields with air supply passages F23M0009040000); VALVES OR DAMPERS SPECIALLY ADAPTED FOR CONTROLLING AIR SUPPLY OR DRAUGHT IN COMBUSTION APPARATUS; INDUCING DRAUGHT IN COMBUSTION APPARATUS; TOPS FOR CHIMNEYS OR VENTILATING SHAFTS; TERMINALS FOR FLUES
F23M,0.7029,1.0454,7,411,73818,CASINGS. LININGS. WALLS OR DOORS SPECIALLY ADAPTED FOR COMBUSTION CHAMBERS. e.g. FIREBRIDGES; DEVICES FOR DEFLECTING AIR. FLAMES OR COMBUSTION PRODUCTS IN COMBUSTION CHAMBERS; SAFETY ARRANGEMENTS SPECIALLY ADAPTED FOR COMBUSTION APPARATUS; DETAILS OF COMBUSTION CHAMBERS. NOT OTHERWISE PROVIDED FOR
F23N,0.4659,0.9118,7,459,156567,REGULATING OR CONTROLLING COMBUSTION (control devices specially adapted for combustion apparatus in which combustion takes place in a fluidised bed of fuel or other particles F23C0010280000;condition responsive controls for regulating combustion in domestic stoves with open fires for solid fuel F24B0001187000)
F23Q,0.213,0.7426,7,503,77492,IGNITION (devices for igniting matches A24F; chemical igniters C06C0009000000); EXTINGUISHING DEVICES
F23R,0.3462,1.0706,4,352,85178,GENERATING COMBUSTION PRODUCTS OF HIGH PRESSURE OR HIGH VELOCITY. e.g. GAS-TURBINE COMBUSTION CHAMBERS (fluidised bed combustion apparatus specially adapted for operation at superatmospheric pressures F23C0010160000)
F24B,0.718,0.9313,7,401,36941,DOMESTIC STOVES OR RANGES FOR SOLID FUELS  (for solid fuels in combination with gaseous fuels. liquid fuels or other kinds of energy supply F24C0001020000); IMPLEMENTS FOR USE IN CONNECTION WITH STOVES OR RANGES
F24C,0.3308,0.4897,7,551,315035,DOMESTIC STOVES OR RANGES (exclusively for solid fuels F24B); DETAILS OF DOMESTIC STOVES OR RANGES. OF GENERAL APPLICATION
F24D,0.2495,0.678,7,544,278103,DOMESTIC- OR SPACE-HEATING SYSTEMS. e.g. CENTRAL HEATING SYSTEMS; DOMESTIC HOT-WATER SUPPLY SYSTEMS; ELEMENTS OR COMPONENTS THEREFOR (using steam or condensate extracted or exhausted from steam engine plants for heating purposes F01K0017020000)
F24F,0.074,0.4378,7,618,752030,AIR-CONDITIONING; AIR-HUMIDIFICATION; VENTILATION; USE OF AIR CURRENTS FOR SCREENING (removing dirt or fumes from areas where they are produced B08B0015000000;vertical ducts for carrying away waste gases from buildings E04F0017020000;tops for chimneys or ventilating shafts. terminals for flues F23L0017020000)
F24H,0.4012,0.7393,7,588,362444,FLUID HEATERS. e.g. WATER OR AIR HEATERS. HAVING HEAT-GENERATING MEANS. e.g. HEAT PUMPS. IN GENERAL  (steam generation F22)
F24S,-0.0447,0.5404,7,505,181957,SOLAR HEAT COLLECTORS; SOLAR HEAT SYSTEMS (for producing mechanical power from solar energy F03G0006000000)
F24T,0.2308,0.8963,7,232,12755,GEOTHERMAL COLLECTORS; GEOTHERMAL SYSTEMS
F24V,0.5061,0.4374,7,365,22340,COLLECTION. PRODUCTION OR USE OF HEAT NOT OTHERWISE PROVIDED FOR
F25B,0.2082,0.619,7,591,594477,REFRIGERATION MACHINES. PLANTS OR SYSTEMS; COMBINED HEATING AND REFRIGERATION SYSTEMS; HEAT PUMP SYSTEMS
F25C,0.5085,0.3734,7,462,54876,PRODUCING. WORKING OR HANDLING ICE
F25D,0.2163,0.2912,7,612,499529,REFRIGERATORS; COLD ROOMS; ICE-BOXES; COOLING OR FREEZING APPARATUS NOT OTHERWISE PROVIDED FOR (refrigerated showcases A47F0003040000;thermally-insulated vessels for domestic use A47J0041000000;refrigerated vehicles. see the appropriate subclasses of classes B60-B64;containers with thermal insulation in general B65D0081380000;heat-transfer. heat-exchange or heat-storage materials. e.g. refrigerants. or materials for the production of heat or cold by chemical reactions other than by combustion C09K0005000000;thermally-insulated vessels for liquefied or solidified gases F17C;air-conditioning or air-humidification F24F;refrigeration machines. plants. or systems F25B;cooling of instruments or comparable apparatus without refrigeration G12B)
F25J,0.6522,0.6247,3,396,82869,LIQUEFACTION. SOLIDIFICATION. OR SEPARATION OF GASES OR GASEOUS MIXTURES BY PRESSURE AND COLD TREATMENT (cryogenic pumps F04B0037080000;gas storage vessels. gas-holders F17;filling vessels with. or discharging from vessels. compressed. liquefied. or solidified gases F17C;refrigeration machines. plants. or systems F25B)
F26B,0.5985,0.0066,3,610,533187,DRYING SOLID MATERIALS OR OBJECTS BY REMOVING LIQUID THEREFROM (drying devices for combines A01D0041133000;racks for drying fruit or vegetables A01F0025120000;drying foodstuffs A23;drying hair A45D0020000000;body-drying implements A47K0010000000;drying household articles A47L;drying gases or vapours B01D;chemical or physical processes for dewatering or like separating liquids from solids B01D0043000000;centrifugal apparatus B04;drying ceramics C04B0033300000;drying yarns or fabrics in association with some other form of treatment D06C;drying frames for laundry without heating or positive air circulation. domestic laundry-or spin-driers. wringing or hot pressing laundry D06F;furnaces. kilns. ovens F27)
F27B,0.6478,0.5811,7,557,408049,FURNACES. KILNS. OVENS OR RETORTS IN GENERAL; OPEN SINTERING OR LIKE APPARATUS
F27D,0.6093,0.5961,7,543,503107,DETAILS OR ACCESSORIES OF FURNACES. KILNS. OVENS OR RETORTS. IN SO FAR AS THEY ARE OF KINDS OCCURRING IN MORE THAN ONE KIND OF FURNACE
F28B,0.5971,0.8684,7,425,48254,STEAM OR VAPOUR CONDENSERS (condensation of vapours B01D0005000000;condensation during pretreatment of gases prior to electrostatic precipitation of dispersed particles B03C0003014000;steam engine plants having condensers F01K;liquefaction of gases F25J;details of heat-exchange or heat-transfer arrangements of general application F28F)
F28C,0.6484,0.7738,7,437,73329,HEAT-EXCHANGE APPARATUS. NOT PROVIDED FOR IN ANOTHER SUBCLASS. IN WHICH THE HEAT-EXCHANGE MEDIA COME INTO DIRECT CONTACT WITHOUT CHEMICAL INTERACTION (heat-transfer. heat-exchange or heat-storage materials C09K0005000000; fluid heaters having heat generating means F24H;with an intermediate heat-transfer medium coming into direct contact with heat-exchange media F28D0015000000-F28D0019000000;details of heat-exchange apparatus of general application F28F)
F28D,0.408,0.6887,7,589,616546,HEAT-EXCHANGE APPARATUS. NOT PROVIDED FOR IN ANOTHER SUBCLASS. IN WHICH THE HEAT-EXCHANGE MEDIA DO NOT COME INTO DIRECT CONTACT (heat-transfer. heat-exchange or heat-storage materials C09K0005000000; fluid heaters having heat generating means and heat transferring means F24H;furnaces F27;details of heat-exchange apparatus of general application F28F); HEAT STORAGE PLANTS OR APPARATUS IN GENERAL
F28F,0.4083,0.6716,7,580,636495,DETAILS OF HEAT-EXCHANGE OR HEAT-TRANSFER APPARATUS. OF GENERAL APPLICATION (heat-transfer. heat-exchange or heat-storage materials C09K0005000000;water or air traps. air venting F16)
F28G,0.6035,0.7871,7,395,59768,CLEANING OF INTERNAL OR EXTERNAL SURFACES OF HEAT-EXCHANGE OR HEAT-TRANSFER CONDUITS. e.g. WATER TUBES OF BOILERS (cleaning pipes or tubes in general B08B0009020000;devices or arrangements for removing water. minerals. or sludge from boilers while the boiler is in operation. or which remain in position while the boiler is in operation. or are specifically adapted to boilers without any other utility F22B0037480000;removal or treatment of combustion products or combustion residues F23J;removing ice from heat-exchange apparatus F28F0017000000)
F41A,-1.0023,0.3795,8,475,72959,FUNCTIONAL FEATURES OR DETAILS COMMON TO BOTH SMALLARMS AND ORDNANCE. e.g. CANNONS; MOUNTINGS FOR SMALLARMS OR ORDNANCE
F41B,-0.8476,0.2208,8,440,30509,WEAPONS FOR PROJECTING MISSILES WITHOUT USE OF EXPLOSIVE OR COMBUSTIBLE PROPELLANT CHARGE; WEAPONS NOT OTHERWISE PROVIDED FOR (projectiles for fishing. e.g. fish-spears. A01K0081000000; sports implements for throwing A63B0065000000. e.g. boomerangs A63B0065080000; stationary apparatus for projecting sports balls. e.g. tennis balls. A63B0069400000; throwing or slinging toys A63H0033180000;knives. axes B26B; projectiles or missiles other than those incorporating springs as projecting means F42B0006000000)
F41C,-1.0652,0.3428,8,361,32212,SMALLARMS. e.g. PISTOLS OR RIFLES (projecting missiles without use of explosive or combustible propellant charge F41B); ACCESSORIES THEREFOR
F41F,-1.0275,0.4992,8,348,29438,APPARATUS FOR LAUNCHING PROJECTILES OR MISSILES FROM BARRELS. e.g. CANNONS (smallarms F41C); LAUNCHERS FOR ROCKETS OR TORPEDOES; HARPOON GUNS (functional features or details common to both smallarms and ordnance. mountings therefor F41A;projecting missiles without use of explosive or combustible propellant charge F41B)
F41G,-1.0147,0.2314,8,371,74941,WEAPON SIGHTS; AIMING (optical aspects thereof G02B)
F41H,-0.557,0.0578,8,524,90509,ARMOUR; ARMOURED TURRETS; ARMOURED OR ARMED VEHICLES; MEANS OF ATTACK OR DEFENCE. e.g. CAMOUFLAGE. IN GENERAL
F41J,-1.0412,0.1234,8,373,21598,TARGETS; TARGET RANGES; BULLET CATCHERS
F42B,-0.5959,0.4812,8,566,147273,EXPLOSIVE CHARGES. e.g. FOR BLASTING; FIREWORKS; AMMUNITION (explosive compositions C06B;fuzes F42C;blasting F42D)
F42C,-0.7199,0.6033,8,393,41156,AMMUNITION FUZES (blasting cartridge initiators F42B0003100000;chemical aspects C06C); ARMING OR SAFETY MEANS THEREFOR (filling fuzes F42B0033020000;fitting or extracting primers in or from fuzes F42B0033040000;containers for fuzes F42B0039300000)
F42D,-0.4356,0.6153,8,424,45890,BLASTING (fuses. e.g. fuse cords. C06C0005000000;blasting cartridges F42B0003000000)
F99Z,-0.7826,0.4141,8,18,19,SUBJECT MATTER NOT OTHERWISE PROVIDED FOR IN THIS SECTION
G01B,-0.3575,-0.031,1,634,1261296,MEASURING LENGTH. THICKNESS OR SIMILAR LINEAR DIMENSIONS; MEASURING ANGLES; MEASURING AREAS; MEASURING IRREGULARITIES OF SURFACES OR CONTOURS
G01C,-0.7458,0.043,1,586,994348,MEASURING DISTANCES. LEVELS OR BEARINGS; SURVEYING; NAVIGATION; GYROSCOPIC INSTRUMENTS; PHOTOGRAMMETRY OR VIDEOGRAMMETRY (measuring liquid level G01F; radio navigation. determining distance or velocity by use of propagation effects. e.g. Doppler effect. propagation time. of radio waves. analogous arrangements using other waves G01S)
G01D,-0.5676,0.0072,1,624,951307,MEASURING NOT SPECIALLY ADAPTED FOR A SPECIFIC VARIABLE; ARRANGEMENTS FOR MEASURING TWO OR MORE VARIABLES NOT COVERED BY A SINGLE OTHER SUBCLASS; TARIFF METERING APPARATUS; TRANSFERRING OR TRANSDUCING ARRANGEMENTS NOT SPECIALLY ADAPTED FOR A SPECIFIC VARIABLE; MEASURING OR TESTING NOT OTHERWISE PROVIDED FOR
G01F,-0.139,0.2031,1,609,511261,MEASURING VOLUME. VOLUME FLOW. MASS FLOW. OR LIQUID LEVEL; METERING BY VOLUME
G01G,-0.2898,-0.0311,1,599,189052,WEIGHING
G01H,-0.7238,0.0643,1,522,179524,MEASUREMENT OF MECHANICAL VIBRATIONS OR ULTRASONIC. SONIC OR INFRASONIC WAVES
G01J,-0.3917,-0.0704,1,602,518968,MEASUREMENT OF INTENSITY. VELOCITY. SPECTRAL CONTENT. POLARISATION. PHASE OR PULSE CHARACTERISTICS OF INFRARED. VISIBLE OR ULTRAVIOLET LIGHT; COLORIMETRY; RADIATION PYROMETRY
G01K,-0.3541,0.1026,1,611,380606,MEASURING TEMPERATURE; MEASURING QUANTITY OF HEAT; THERMALLY-SENSITIVE ELEMENTS NOT OTHERWISE PROVIDED FOR (radiation pyrometry G01J0005000000)
G01L,-0.4071,0.1103,1,616,534079,MEASURING FORCE. STRESS. TORQUE. WORK. MECHANICAL POWER. MECHANICAL EFFICIENCY. OR FLUID PRESSURE (weighing G01G)
G01M,-0.3818,0.2155,1,613,756384,TESTING STATIC OR DYNAMIC BALANCE OF MACHINES OR STRUCTURES; TESTING OF STRUCTURES OR APPARATUS. NOT OTHERWISE PROVIDED FOR
G01N,0.151,-0.0513,1,646,5322130,INVESTIGATING OR ANALYSING MATERIALS BY DETERMINING THEIR CHEMICAL OR PHYSICAL PROPERTIES (measuring or testing apparatus or processes other than immunoassay. involving enzymes or microorganisms C12M. C12Q)
G01P,-0.6309,0.1247,1,589,422506,MEASURING LINEAR OR ANGULAR SPEED. ACCELERATION. DECELERATION OR SHOCK; INDICATING PRESENCE OR ABSENCE OF MOVEMENT;  INDICATING DIRECTION OF MOVEMENT  (measuring angular rate using gyroscopic effects G01C0019000000;combined measuring devices for measuring two or more variables of movement G01C0023000000;measuring velocity of sound G01H0005000000;measuring velocity of light G01J0007000000;determining direction or velocity of solid objects by reflection or reradiation of radio or other waves and based on propagation effects. e.g. Doppler effect. propagation time or direction of propagation. G01S;measuring speed of nuclear radiation G01T)
G01Q,-0.2339,-0.2031,1,328,78225,SCANNING-PROBE TECHNIQUES OR APPARATUS; APPLICATIONS OF SCANNING-PROBE TECHNIQUES. e.g. SCANNING-PROBE MICROSCOPY [SPM]
G01R,-0.6211,-0.0112,1,619,1534140,MEASURING ELECTRIC VARIABLES; MEASURING MAGNETIC VARIABLES (indicating correct tuning of resonant circuits H03J0003120000)
G01S,-0.796,0.018,1,605,1171520,RADIO DIRECTION-FINDING; RADIO NAVIGATION; DETERMINING DISTANCE OR VELOCITY BY USE OF RADIO WAVES; LOCATING OR PRESENCE-DETECTING BY USE OF THE REFLECTION OR RERADIATION OF RADIO WAVES; ANALOGOUS ARRANGEMENTS USING OTHER WAVES
G01T,-0.2284,-0.1412,1,500,203841,MEASUREMENT OF NUCLEAR OR X-RADIATION (radiation analysis of materials. mass spectrometry G01N0023000000;tubes for determining the presence. intensity. density or energy of radiation or particles  H01J0047000000)
G01V,-0.538,0.0477,1,596,405291,GEOPHYSICS; GRAVITATIONAL MEASUREMENTS; DETECTING MASSES OR OBJECTS; TAGS (means for indicating the location of accidentally buried. e.g. snow-buried. persons A63B0029020000)
G01W,-0.8034,0.047,1,420,83485,METEOROLOGY (radar. sonar. lidar or analogous systems. designed for meteorological use G01S0013950000. G01S0015880000. G01S0017950000)
G02B,-0.3439,-0.1938,1,632,3262560,OPTICAL ELEMENTS. SYSTEMS OR APPARATUS 
G02C,0.025,-0.4095,2,503,270009,SPECTACLES; SUNGLASSES OR GOGGLES INSOFAR AS THEY HAVE THE SAME FEATURES AS SPECTACLES; CONTACT LENSES
G02F,-0.4382,-0.2626,1,567,1747816,OPTICAL DEVICES OR ARRANGEMENTS FOR THE CONTROL OF LIGHT BY MODIFICATION OF THE OPTICAL PROPERTIES OF THE MEDIA OF THE ELEMENTS INVOLVED THEREIN; NON-LINEAR OPTICS; FREQUENCY-CHANGING OF LIGHT; OPTICAL LOGIC ELEMENTS; OPTICAL ANALOGUE/DIGITAL CONVERTERS
G03B,-0.5036,-0.3118,1,615,1239450,APPARATUS OR ARRANGEMENTS FOR TAKING PHOTOGRAPHS OR FOR PROJECTING OR VIEWING THEM; APPARATUS OR ARRANGEMENTS EMPLOYING ANALOGOUS TECHNIQUES USING WAVES OTHER THAN OPTICAL WAVES; ACCESSORIES THEREFOR (optical parts of such apparatus G02B;photosensitive materials or processes for photographic purposes G03C;apparatus for processing exposed photographic materials G03D)
G03C,0.1582,-0.5222,2,544,345919,PHOTOSENSITIVE MATERIALS FOR PHOTOGRAPHIC PURPOSES; PHOTOGRAPHIC PROCESSES. e.g. CINE. X-RAY. COLOUR OR STEREO-PHOTOGRAPHIC PROCESSES; AUXILIARY PROCESSES IN PHOTOGRAPHY (photographic processes characterised by the use or manipulation of apparatus classifiable per se in subclass G03B. seeG03B)
G03D,-0.2238,-0.6338,2,418,58420,APPARATUS FOR PROCESSING EXPOSED PHOTOGRAPHIC MATERIALS; ACCESSORIES THEREFOR
G03F,-0.0602,-0.4456,2,548,1131102,PHOTOMECHANICAL PRODUCTION OF TEXTURED OR PATTERNED SURFACES. e.g. FOR PRINTING. FOR PROCESSING OF SEMICONDUCTOR DEVICES; MATERIALS THEREFOR; ORIGINALS THEREFOR; APPARATUS SPECIALLY ADAPTED THEREFOR (phototypographic composing devices B41B;photosensitive materials or processes for photographic purposes G03C;electrography. sensitive layers or processes G03G)
G03G,-0.2565,-0.4871,2,561,811534,ELECTROGRAPHY; ELECTROPHOTOGRAPHY; MAGNETOGRAPHY (information storage based on relative movement between record carrier and transducer G11B;static stores with means for writing-in or reading-out information G11C;recording of television signals H04N0005760000)
G03H,-0.5844,-0.5011,1,385,100519,HOLOGRAPHIC PROCESSES OR APPARATUS (holograms. e.g. point holograms. used as ordinary optical elements G02B0005320000;analogue computers performing mathematical operations with the aid of optical elements G06E0003000000;holographic storage G11B0007006500. G11C0013040000)
G04B,-0.9688,-0.299,1,507,128168,MECHANICALLY-DRIVEN CLOCKS OR WATCHES; MECHANICAL PARTS OF CLOCKS OR WATCHES IN GENERAL; TIME-PIECES USING THE POSITION OF THE SUN. MOON. OR STARS (spring- or weight-driven mechanisms in general F03G;electromechanical clocks or watches G04C;electromechanical clocks with attached or built-in means operating any device at preselected times or after predetermined time intervals G04C0023000000;clocks or watches with stop devices G04F0007080000;structural details or housings specially adapted for electronic time-pieces with no moving parts G04G0017000000)
G04C,-1.1712,-0.2526,1,436,128338,ELECTROMECHANICAL CLOCKS OR WATCHES (mechanical parts of clocks or watches in general G04B;electronic time-pieces with no moving parts. electronic circuitry for producing timing pulses G04G)
G04D,-0.8846,-0.2709,1,306,15942,APPARATUS OR TOOLS SPECIALLY DESIGNED FOR MAKING OR MAINTAINING CLOCKS OR WATCHES
G04F,-1.1089,-0.2011,1,459,66223,TIME-INTERVAL MEASURING (measuring pulse characteristics G01R. e.g. G01R0029020000;in radar or like systems G01S)
G04G,-1.1865,-0.294,1,438,190350,ELECTRONIC TIME-PIECES
G04R,-1.4664,-0.3041,1,189,25754,RADIO-CONTROLLED TIME-PIECES
G05B,-0.3581,0.0399,1,637,1115856,CONTROL OR REGULATING SYSTEMS IN GENERAL; FUNCTIONAL ELEMENTS OF SUCH SYSTEMS; MONITORING OR TESTING ARRANGEMENTS FOR SUCH SYSTEMS OR ELEMENTS   (systems for controlling or regulating non-electric variables G05D;  systems for regulating electric or magnetic variables G05F;  control devices or systems insofar as characterised by mechanical features only G05G)
G05D,-0.2762,0.2734,4,639,1172640,SYSTEMS FOR CONTROLLING OR REGULATING NON-ELECTRIC VARIABLES
G05F,-0.9258,0.0476,1,511,253200,SYSTEMS FOR REGULATING ELECTRIC OR MAGNETIC VARIABLES
G05G,-0.6358,0.3601,4,554,213226,CONTROL DEVICES OR SYSTEMS INSOFAR AS CHARACTERISED BY MECHANICAL FEATURES ONLY ('Bowden' or like mechanisms F16C0001100000;gearings or mechanisms not peculiar to this purpose F16H;speed changing or reversing mechanisms for gearings conveying rotary motion F16H0059000000-F16H0063000000)
G06C,-0.9549,-0.4042,1,384,19262,DIGITAL COMPUTERS IN WHICH ALL THE COMPUTATION IS EFFECTED MECHANICALLY (score computers for card games A63F0001180000)
G06D,-0.8086,0.2822,4,180,2253,DIGITAL FLUID-PRESSURE COMPUTING DEVICES
G06E,-1.0542,-0.3679,1,210,18144,OPTICAL COMPUTING DEVICES (digital storage using optical elements G11C0013040000)
G06F,-0.7075,-0.1932,1,646,7552400,ELECTRIC DIGITAL DATA PROCESSING (computer systems based on specific computational models G06N)
G06G,-0.9966,-0.1915,1,518,120612,ANALOGUE COMPUTERS (analogue optical computing devices G06E0003000000;computer systems based on specific computational models G06N)
G06J,-1.264,-0.2472,1,174,11636,HYBRID COMPUTING ARRANGEMENTS (optical hybrid computing devices G06E0003000000;computer systems based on specific computational models G06N;neural networks for image data processing G06T;analogue/digital conversion. in general H03M0001000000)
G06K,-0.6651,-0.3048,1,617,2374256,GRAPHICAL DATA READING (image or video recognition or understanding G06V); PRESENTATION OF DATA; RECORD CARRIERS; HANDLING RECORD CARRIERS
G06M,-0.6364,-0.2565,1,516,70205,COUNTING MECHANISMS; COUNTING OF OBJECTS NOT OTHERWISE PROVIDED FOR (counting by measuring volume or weight of articles to be counted G01F. G01G;adaptation of counters to electricity meters in electromechanical arrangements for measuring time integral of electric power or current G01R0011160000;computers G06C-G06J;counting electric pulses H03K;counting characters. words or messages in switching networks for transmission of digital information H04L0012080000;metering arrangements in telephonic systems H04M0015000000)
G06N,-0.7816,-0.2148,1,595,1537466,COMPUTING ARRANGEMENTS BASED ON SPECIFIC COMPUTATIONAL MODELS
G06Q,-0.7252,-0.194,1,628,2768090,INFORMATION AND COMMUNICATION TECHNOLOGY [ICT] SPECIALLY ADAPTED FOR ADMINISTRATIVE. COMMERCIAL. FINANCIAL. MANAGERIAL OR SUPERVISORY PURPOSES; SYSTEMS OR METHODS SPECIALLY ADAPTED FOR ADMINISTRATIVE. COMMERCIAL. FINANCIAL. MANAGERIAL OR SUPERVISORY PURPOSES. NOT OTHERWISE PROVIDED FOR
G06T,-0.6745,-0.245,1,603,2493859,IMAGE DATA PROCESSING OR GENERATION. IN GENERAL
G06V,-0.8041,-0.2255,1,563,983504,IMAGE OR VIDEO RECOGNITION OR UNDERSTANDING
G07B,-0.9749,-0.3463,1,388,156445,TICKET-ISSUING APPARATUS; TAXIMETERS; ARRANGEMENTS OR APPARATUS FOR COLLECTING FARES. TOLLS OR ENTRANCE FEES AT ONE OR MORE CONTROL POINTS;  FRANKING APPARATUS
G07C,-0.826,-0.1246,1,561,597429,TIME OR ATTENDANCE REGISTERS; REGISTERING OR INDICATING THE WORKING OF MACHINES; GENERATING RANDOM NUMBERS; VOTING OR LOTTERY APPARATUS; ARRANGEMENTS. SYSTEMS OR APPARATUS FOR CHECKING NOT PROVIDED FOR ELSEWHERE
G07D,-0.7344,-0.4813,1,440,211770,HANDLING OF COINS OR OF VALUABLE PAPERS. e.g. TESTING. SORTING BY DENOMINATIONS. COUNTING. DISPENSING. CHANGING OR DEPOSITING
G07F,-0.7688,-0.306,1,548,595675,COIN-FREED OR LIKE APPARATUS (coin sorting G07D0003000000;coin testing G07D0005000000)
G07G,-0.9989,-0.3952,1,347,129553,REGISTERING THE RECEIPT OF CASH. VALUABLES. OR TOKENS (digital computing in general G06C. G06F)
G08B,-0.6065,-0.015,1,625,1139428,SIGNALLING OR CALLING SYSTEMS; ORDER TELEGRAPHS; ALARM SYSTEMS
G08C,-0.8253,-0.0631,1,571,529096,TRANSMISSION SYSTEMS FOR MEASURED VALUES. CONTROL OR SIMILAR SIGNALS (fluid pressure transmission systems F15B; mechanical means for transferring the output of a sensing member into a different variable G01D0005000000; mechanical control systems G05G)
G08G,-0.8665,0.0397,1,473,859358,TRAFFIC CONTROL SYSTEMS (guiding railway traffic. ensuring the safety of railway traffic B61L;radar or analogous systems. sonar systems or lidar systems specially adapted for traffic control G01S0013910000. G01S0015880000. G01S0017880000;radar or analogous systems. sonar systems or lidar systems specially adapted for anti-collision purposes G01S0013930000. G01S0015930000. G01S0017930000;control of position. course. altitude or attitude of land. water. air or space vehicles. not being specific to a traffic environment G05D0001000000)
G09B,-0.839,-0.2854,1,608,551174,EDUCATIONAL OR DEMONSTRATION APPLIANCES; APPLIANCES FOR TEACHING. OR COMMUNICATING WITH. THE BLIND. DEAF OR MUTE; MODELS; PLANETARIA; GLOBES; MAPS; DIAGRAMS
G09C,-1.222,-0.3839,1,308,164148,CIPHERING OR DECIPHERING APPARATUS FOR CRYPTOGRAPHIC OR OTHER PURPOSES INVOLVING THE NEED FOR SECRECY
G09D,-0.9913,-0.5425,1,257,7950,RAILWAY OR LIKE TIME OR FARE TABLES; PERPETUAL CALENDARS
G09F,-0.4187,-0.2884,1,628,1390113,DISPLAYING; ADVERTISING; SIGNS; LABELS OR NAME-PLATES; SEALS
G09G,-0.7592,-0.3042,1,526,1103260,ARRANGEMENTS OR CIRCUITS FOR CONTROL OF INDICATING DEVICES USING STATIC MEANS TO PRESENT VARIABLE INFORMATION  (arrangements for transferring data between digital computers and displays G06F0003140000; static indicating arrangements comprising an association of a number of separate sources or light control cells G09F0009000000; static indicating arrangements comprising integral associations of a number of light sources H01J. H01K. H05B0033120000. H10H; scanning. transmission or reproduction of documents or the like. e.g. facsimile transmission. details thereof H04N0001000000)
G10B,-1.6891,-0.614,1,171,9075,ORGANS. HARMONIUMS OR SIMILAR WIND MUSICAL INSTRUMENTS WITH ASSOCIATED BLOWING APPARATUS (accordions. concertinas or the like or keyboards therefor G10D0011000000; automatic wind instruments G10F0001120000)
G10C,-1.5354,-0.5755,1,280,14429,PIANOS. HARPSICHORDS. SPINETS OR SIMILAR STRINGED MUSICAL INSTRUMENTS WITH ONE OR MORE KEYBOARDS (automatic musical instruments G10F)
G10D,-1.3062,-0.5364,1,407,26073,STRINGED MUSICAL INSTRUMENTS; WIND MUSICAL INSTRUMENTS; ACCORDIONS OR CONCERTINAS; PERCUSSION MUSICAL INSTRUMENTS; AEOLIAN HARPS;  SINGING-FLAME MUSICAL INSTRUMENTS; MUSICAL INSTRUMENTS NOT OTHERWISE PROVIDED FOR (organs. harmoniums or similar wind musical instruments with associated blowing apparatus G10B; pianos. harpsichords. spinets or similar stringed musical instruments with one or more keyboards G10C; automatic musical instruments G10F; electrophonic musical instruments in which tones are generated by electromechanical means G10H)
G10F,-1.4595,-0.5305,1,277,11180,AUTOMATIC MUSICAL INSTRUMENTS (non-musical aspects of musical toy instruments A63H0005000000;arrangements for the associated working of recording or reproducing apparatus with automatic musical instruments G11B0031020000)
G10G,-1.4077,-0.5358,1,304,34318,REPRESENTATION OF MUSIC; RECORDING MUSIC IN NOTATION FORM; ACCESSORIES FOR MUSIC OR MUSICAL INSTRUMENTS NOT OTHERWISE PROVIDED FOR. e.g. SUPPORTS (music stands A47B;non-musical aspects of musical toy instruments A63H0005000000;metronomes G04F0005020000;teaching music G09B0015000000)
G10H,-1.4383,-0.5033,1,372,107233,ELECTROPHONIC MUSICAL INSTRUMENTS; INSTRUMENTS IN WHICH THE TONES ARE GENERATED BY ELECTROMECHANICAL MEANS OR ELECTRONIC GENERATORS. OR IN WHICH THE TONES ARE SYNTHESISED FROM A DATA STORE
G10K,-0.7496,-0.1235,1,614,367059,SOUND-PRODUCING DEVICES; METHODS OR DEVICES FOR PROTECTING AGAINST. OR FOR DAMPING. NOISE OR OTHER ACOUSTIC WAVES IN GENERAL; ACOUSTICS NOT OTHERWISE PROVIDED FOR
G10L,-1.1499,-0.3017,1,475,571789,SPEECH ANALYSIS TECHNIQUES OR SPEECH SYNTHESIS; SPEECH RECOGNITION; SPEECH OR VOICE PROCESSING TECHNIQUES; SPEECH OR AUDIO CODING OR DECODING
G11B,-0.6066,-0.2645,1,613,1266274,INFORMATION STORAGE BASED ON RELATIVE MOVEMENT BETWEEN RECORD CARRIER AND TRANSDUCER (recording measured values in a way that does not require playback through a transducer G01D0009000000;recording or playback apparatus using mechanically marked tape. e.g. punched paper tape. or using unit records. e.g. punched or magnetically marked cards G06K;transferring data from one type of record carrier to another G06K0001180000; circuits for coupling output of reproducer to radio receiver H04B0001200000; gramophone pick-ups or like acoustic electromechanical transducers or circuits therefor H04R)
G11C,-0.8013,-0.2611,1,523,714206,STATIC STORES (semiconductor memory devices H10B)
G12B,-0.6687,0.0003,1,524,121772,CONSTRUCTIONAL DETAILS OF INSTRUMENTS. OR COMPARABLE DETAILS OF OTHER APPARATUS. NOT OTHERWISE PROVIDED FOR
G16B,0.2819,-0.3906,1,268,162044,BIOINFORMATICS. i.e. INFORMATION AND COMMUNICATION TECHNOLOGY [ICT] SPECIALLY ADAPTED FOR GENETIC OR PROTEIN-RELATED DATA PROCESSING IN COMPUTATIONAL MOLECULAR BIOLOGY 
G16C,-0.4729,-0.3292,1,398,51090,COMPUTATIONAL CHEMISTRY; CHEMOINFORMATICS; COMPUTATIONAL MATERIALS SCIENCE
G16H,-0.5887,-0.373,1,437,514651,HEALTHCARE INFORMATICS. i.e. INFORMATION AND COMMUNICATION TECHNOLOGY [ICT] SPECIALLY ADAPTED FOR THE HANDLING OR PROCESSING OF MEDICAL OR HEALTHCARE DATA
G16Y,-1.0714,-0.1587,1,403,69188,INFORMATION AND COMMUNICATION TECHNOLOGY SPECIALLY ADAPTED FOR THE INTERNET OF THINGS [IoT]
G16Z,-0.7014,-0.4168,1,374,46870,INFORMATION AND COMMUNICATION TECHNOLOGY [ICT] SPECIALLY ADAPTED FOR SPECIFIC APPLICATION FIELDS. NOT OTHERWISE PROVIDED FOR
G21B,-0.0308,0.4145,1,316,18314,FUSION REACTORS (uncontrolled fusion. applications thereof G21J)
G21C,0.1914,0.4614,1,541,196330,NUCLEAR REACTORS (fusion reactors. hybrid fission-fusion reactors G21B;nuclear explosives G21J)
G21D,0.219,0.6756,1,389,65519,NUCLEAR POWER PLANT
G21F,0.3963,0.2973,1,540,147025,PROTECTION AGAINST X-RADIATION. GAMMA RADIATION. CORPUSCULAR RADIATION OR PARTICLE BOMBARDMENT; TREATING RADIOACTIVELY CONTAMINATED MATERIAL; DECONTAMINATION ARRANGEMENTS THEREFOR (radiation protection by pharmaceutical means A61K0008000000. A61Q0017040000;in cosmonautic vehicles B64G0001540000;combined with a reactor G21C0011000000;combined with X-ray tubes H01J0035160000;combined with X-ray apparatus H05G0001020000)
G21G,0.3081,0.0239,1,348,33150,CONVERSION OF CHEMICAL ELEMENTS; RADIOACTIVE SOURCES
G21H,0.3708,0.0187,1,399,17921,OBTAINING ENERGY FROM RADIOACTIVE SOURCES; APPLICATIONS OF RADIATION FROM RADIOACTIVE SOURCES. NOT OTHERWISE PROVIDED FOR; UTILISING COSMIC RADIATION (measurement of nuclear or X-radiation G01T;fusion reactors G21B;nuclear reactors G21C;lamps in which a gas filling is excited to luminescence by external corpuscular radiation or by radioactive material structurally associated with the lamp H01J0065040000. H01J0065060000)
G21J,-0.3119,0.485,1,98,688,NUCLEAR EXPLOSIVES; APPLICATIONS THEREOF
G21K,-0.0943,-0.1678,1,474,174465,TECHNIQUES FOR HANDLING PARTICLES OR IONISING RADIATION NOT OTHERWISE PROVIDED FOR; IRRADIATION DEVICES; GAMMA RAY OR X-RAY MICROSCOPES
G99Z,-0.8967,-0.1537,1,103,267,SUBJECT MATTER NOT OTHERWISE PROVIDED FOR IN THIS SECTION
H01B,0.0228,-0.0617,1,620,1226007,CABLES; CONDUCTORS; INSULATORS; SELECTION OF MATERIALS FOR THEIR CONDUCTIVE. INSULATING OR DIELECTRIC PROPERTIES (selection for magnetic properties H01F0001000000;waveguides H01P)
H01C,-0.3405,0.0227,1,514,195435,RESISTORS
H01F,-0.2732,0.1112,1,618,888131,MAGNETS; INDUCTANCES; TRANSFORMERS; SELECTION OF MATERIALS FOR THEIR MAGNETIC PROPERTIES
H01G,-0.0319,-0.0162,1,549,420887,CAPACITORS; CAPACITORS. RECTIFIERS. DETECTORS. SWITCHING DEVICES. LIGHT-SENSITIVE OR TEMPERATURE-SENSITIVE DEVICES OF THE ELECTROLYTIC TYPE  (selection of specified materials as dielectric H01B0003000000; capacitors having potential barriers H10D0001620000. H10K0010100000)
H01H,-0.5857,0.0708,1,623,722585,ELECTRIC SWITCHES; RELAYS; SELECTORS; EMERGENCY PROTECTIVE DEVICES (contact cables H01B0007100000; electrolytic self-interrupters H01G0009180000; emergency protective circuit arrangements H02H; switching by electronic means without contact-making H03K0017000000)
H01J,-0.2094,-0.0514,1,621,893329,ELECTRIC DISCHARGE TUBES OR DISCHARGE LAMPS (spark-gaps H01T;arc lamps with consumable electrodes H05B;particle accelerators H05H)
H01K,-0.4282,-0.0771,1,444,50289,ELECTRIC INCANDESCENT LAMPS (details. apparatus or processes for manufacture applicable to both discharge devices and incandescent lamps H01J; light sources using a combination of incandescent and other types of light generation H01J0061960000. H05B0035000000)
H01L,-0.2323,-0.1181,1,631,5209442,SEMICONDUCTOR DEVICES NOT COVERED BY CLASS H10 (use of semiconductor devices for measuring G01;  resistors in general H01C;  magnets. inductors or transformers H01F;  capacitors in general H01G;  electrolytic devices H01G0009000000;  batteries or accumulators H01M;  waveguides. resonators or lines of the waveguide type H01P;  line connectors or current collectors H01R;  stimulated-emission devices H01S;  electromechanical resonators H03H;  loudspeakers. microphones. gramophone pick-ups or like acoustic electromechanical transducers H04R;  electric light sources in general H05B;  printed circuits. hybrid circuits. casings or constructional details of electrical apparatus. manufacture of assemblages of electrical components H05K;  use of semiconductor devices in circuits having a particular application. see the subclass for the application)
H01M,0.0973,0.1723,3,617,1468419,PROCESSES OR MEANS. e.g. BATTERIES. FOR THE DIRECT CONVERSION OF CHEMICAL ENERGY INTO ELECTRICAL ENERGY
H01P,-0.9833,-0.1395,1,456,189958,WAVEGUIDES; RESONATORS. LINES OR OTHER DEVICES OF THE WAVEGUIDE TYPE (operating at optical frequencies G02B)
H01Q,-0.9378,-0.0867,1,561,492335,ANTENNAS. i.e. RADIO AERIALS (radiators or antennas for microwave heating H05B0006720000)
H01R,-0.4409,0.0762,1,610,948351,ELECTRICALLY-CONDUCTIVE CONNECTIONS; STRUCTURAL ASSOCIATIONS OF A PLURALITY OF MUTUALLY-INSULATED ELECTRICAL CONNECTING ELEMENTS; COUPLING DEVICES; CURRENT COLLECTORS
H01S,-0.5104,-0.2118,1,536,417444,DEVICES USING THE PROCESS OF LIGHT AMPLIFICATION BY STIMULATED EMISSION OF RADIATION [LASER] TO AMPLIFY OR GENERATE LIGHT; DEVICES USING STIMULATED EMISSION OF ELECTROMAGNETIC RADIATION IN WAVE RANGES OTHER THAN OPTICAL
H01T,-0.271,0.2909,1,495,108912,SPARK GAPS; OVERVOLTAGE ARRESTERS USING SPARK GAPS; SPARKING PLUGS; CORONA DEVICES; GENERATING IONS TO BE INTRODUCED INTO NON-ENCLOSED GASES (overvoltage protection circuits H02H)
H02B,-0.5677,0.1626,1,520,285580,BOARDS. SUBSTATIONS OR SWITCHING ARRANGEMENTS FOR THE SUPPLY OR DISTRIBUTION OF ELECTRIC POWER
H02G,-0.3533,0.1336,1,586,646356,INSTALLATION OF ELECTRIC CABLES OR LINES. OR OF COMBINED OPTICAL AND ELECTRIC CABLES OR LINES
H02H,-0.6989,0.1589,1,549,456048,EMERGENCY PROTECTIVE CIRCUIT ARRANGEMENTS (indicating or signalling undesired working conditions G01R. e.g. G01R0031000000. G08B;locating faults along lines G01R0031080000;emergency protective devices H01H)
H02J,-0.5382,0.1793,1,611,1508768,CIRCUIT ARRANGEMENTS OR SYSTEMS FOR SUPPLYING OR DISTRIBUTING ELECTRIC POWER; SYSTEMS FOR STORING ELECTRIC ENERGY
H02K,-0.3458,0.3384,4,619,854275,DYNAMO-ELECTRIC MACHINES (dynamo-electric relays H01H0053000000;conversion of DC or AC input power into surge output power H02M0009000000)
H02M,-0.7104,0.1306,1,569,678367,APPARATUS FOR CONVERSION BETWEEN AC AND AC. BETWEEN AC AND DC. OR BETWEEN DC AND DC. AND FOR USE WITH MAINS OR SIMILAR POWER SUPPLY SYSTEMS; CONVERSION OF DC OR AC INPUT POWER INTO SURGE OUTPUT POWER; CONTROL OR REGULATION THEREOF  (transformers H01F; dynamo-electric converters H02K0047000000; controlling transformers. reactors or choke coils. control or regulation of electric motors. generators or dynamo-electric converters H02P)
H02N,-0.4106,0.1942,1,578,221333,ELECTRIC MACHINES NOT OTHERWISE PROVIDED FOR
H02P,-0.5482,0.2748,4,595,546967,CONTROL OR REGULATION OF ELECTRIC MOTORS. ELECTRIC GENERATORS OR DYNAMO-ELECTRIC CONVERTERS; CONTROLLING TRANSFORMERS. REACTORS OR CHOKE COILS
H02S,-0.3085,0.3213,7,547,325403,GENERATION OF ELECTRIC POWER BY CONVERSION OF INFRARED RADIATION. VISIBLE LIGHT OR ULTRAVIOLET LIGHT. e.g. USING PHOTOVOLTAIC [PV] MODULES   (obtaining electrical energy from radioactive sources G21H0001120000;  light sensitive inorganic semiconductor devices H10F; light sensitive organic semiconductor devices H10K0030000000;thermoelectric devices H10N0010000000;  pyroelectric devices H10N0015000000)
H03B,-1.2781,-0.2034,1,447,148504,GENERATION OF OSCILLATIONS. DIRECTLY OR BY FREQUENCY-CHANGING. BY CIRCUITS EMPLOYING ACTIVE ELEMENTS WHICH OPERATE IN A NON-SWITCHING MANNER; GENERATION OF NOISE BY SUCH CIRCUITS (generators specially adapted for electrophonic musical instruments G10H;masers or lasers H01S; generation of oscillations in plasma H05H)
H03C,-1.4537,-0.2624,1,308,56352,MODULATION (masers or lasers H01S;coding. decoding or code conversion H03M)
H03D,-1.4369,-0.2537,1,337,126534,DEMODULATION OR TRANSFERENCE OF MODULATION FROM ONE CARRIER TO ANOTHER (masers. lasers H01S;circuits capable of acting both as modulator and demodulator H03C. e.g. balanced modulators H03C0001540000;details applicable to both modulators and frequency-changers H03C;demodulating pulses which have been modulated with a continuously-variable signal H03K0009000000;transforming types of pulse modulation H03K0011000000;relay systems. e.g. repeater stations H04B0007140000;demodulators adapted for digitally modulated-carrier systems H04L0027000000;synchronous demodulators adapted for colour television H04N0009660000)
H03F,-1.2437,-0.2002,1,498,267221,AMPLIFIERS
H03G,-1.3715,-0.2585,1,399,180904,CONTROL OF AMPLIFICATION
H03H,-1.0611,-0.1636,1,500,385490,IMPEDANCE NETWORKS. e.g. RESONANT CIRCUITS; RESONATORS   (waveguides. resonators. lines or other devices of the waveguide type H01P)
H03J,-1.2866,-0.1858,1,400,131516,TUNING RESONANT CIRCUITS; SELECTING RESONANT CIRCUITS
H03K,-0.9745,-0.1178,1,576,839436,PULSE TECHNIQUE (measuring pulse characteristics G01R;modulating sinusoidal oscillations with pulses H03C; transmission of digital information H04L;discriminator circuits detecting phase difference between two signals by counting or integrating cycles of oscillation H03D0003040000;automatic control. starting. synchronisation or stabilisation of generators of electronic oscillations or pulses where the type of generator is irrelevant or unspecified H03L;coding. decoding or code conversion. in general H03M)
H03L,-1.3432,-0.2385,1,366,205722,AUTOMATIC CONTROL. STARTING. SYNCHRONISATION OR STABILISATION OF GENERATORS OF ELECTRONIC OSCILLATIONS OR PULSES (generation of oscillations H03B)
H03M,-1.1705,-0.2621,1,471,604678,CODING. DECODING OR CODE CONVERSION. IN GENERAL (using fluidic means F15C0004000000;optical analogue/digital converters G02F0007000000;coding. decoding or code conversion. specially adapted for particular applications. see the relevant subclasses. e.g. G01D. G01R. G06F. G06T. G09G. G10L. G11B. G11C. H04B. H04L. H04M. H04N;ciphering or deciphering for cryptography or other purposes involving the need for secrecy G09C)
H04B,-1.0791,-0.1821,1,607,2896413,TRANSMISSION
H04H,-1.2884,-0.3024,1,385,297697,BROADCAST COMMUNICATION (multiplex communication H04J;pictorial communication aspects of broadcast systems H04N)
H04J,-1.317,-0.2587,1,429,855255,MULTIPLEX COMMUNICATION (peculiar to transmission of digital information H04L0005000000;systems for the simultaneous or sequential transmission of more than one television signal H04N0007080000;in exchanges H04Q0011000000)
H04K,-1.3665,-0.3072,1,303,96831,SECRET COMMUNICATION; JAMMING OF COMMUNICATION
H04L,-1.0569,-0.2166,1,603,4354504,TRANSMISSION OF DIGITAL INFORMATION. e.g. TELEGRAPHIC COMMUNICATION (arrangements common to telegraphic and telephonic communication H04M)
H04M,-0.9849,-0.2172,1,587,1753096,TELEPHONIC COMMUNICATION (circuits for controlling other apparatus via a telephone cable and not involving telephone switching apparatus G08)
H04N,-0.7276,-0.2375,1,627,4469263,PICTORIAL COMMUNICATION. e.g. TELEVISION
H04Q,-1.0878,-0.1697,1,572,1279187,SELECTING (switches. relays. selectors H01H; wireless communication networks H04W)
H04R,-0.9435,-0.2271,1,588,543469,LOUDSPEAKERS. MICROPHONES. GRAMOPHONE PICK-UPS OR LIKE ACOUSTIC ELECTROMECHANICAL TRANSDUCERS; DEAF-AID SETS; PUBLIC ADDRESS SYSTEMS (producing sounds with frequency not determined by supply frequency G10K)
H04S,-1.3525,-0.3358,1,235,99103,STEREOPHONIC SYSTEMS
H04W,-1.0592,-0.1768,1,558,2778766,WIRELESS COMMUNICATION NETWORKS (broadcast communication H04H;communication systems using wireless links for non-selective communication. e.g. wireless extensions H04M0001720000)
H05B,-0.1148,0.0494,1,642,1577311,ELECTRIC HEATING;  ELECTRIC LIGHT SOURCES NOT OTHERWISE PROVIDED FOR; CIRCUIT ARRANGEMENTS FOR ELECTRIC LIGHT SOURCES. IN GENERAL
H05C,-0.3884,-0.065,8,280,6483,ELECTRIC CIRCUITS OR APPARATUS SPECIALLY DESIGNED FOR USE IN EQUIPMENT FOR KILLING. STUNNING. ENCLOSING OR GUIDING LIVING BEINGS (stationary means for catching or killing insects by electric means A01M0001220000;apparatus for the destruction of noxious animals. other than insects. by electricity A01M0019000000;electric traps for animals A01M0023380000;slaughtering or stunning by electric current A22B0003060000)
H05F,-0.1238,-0.2233,1,548,80661,STATIC ELECTRICITY; NATURALLY-OCCURRING ELECTRICITY
H05G,-0.3574,-0.2921,1,364,85305,X-RAY TECHNIQUE (investigating or analysing materials by the use of X-rays G01N0023000000;apparatus for X-ray photography G03B0042020000;X-ray tubes H01J0035000000;TV systems having X-ray input H04N0005321000)
H05H,-0.0552,0.1956,1,531,243734,PLASMA TECHNIQUE  (apparatus or processes specially adapted for producing X-rays H05G0002000000); PRODUCTION OF ACCELERATED ELECTRICALLY-CHARGED PARTICLES OR OF NEUTRONS; PRODUCTION OR ACCELERATION OF NEUTRAL MOLECULAR OR ATOMIC BEAMS
H05K,-0.2939,-0.053,1,631,2499030,PRINTED CIRCUITS; CASINGS OR CONSTRUCTIONAL DETAILS OF ELECTRIC APPARATUS; MANUFACTURE OF ASSEMBLAGES OF ELECTRICAL COMPONENTS
H10B,-0.5956,-0.3026,1,303,394210,ELECTRONIC MEMORY DEVICES
H10D,-0.5492,-0.412,1,94,2397,INORGANIC ELECTRIC SEMICONDUCTOR DEVICES
H10F,-0.2231,-0.3448,1,167,2132,INORGANIC SEMICONDUCTOR DEVICES SENSITIVE TO INFRARED RADIATION. LIGHT. ELECTROMAGNETIC RADIATION OF SHORTER WAVELENGTH OR CORPUSCULAR RADIATION
H10H,-0.4214,-0.4139,1,119,1702,INORGANIC LIGHT-EMITTING SEMICONDUCTOR DEVICES HAVING POTENTIAL BARRIERS
H10K,0.1551,-0.2779,1,407,460698,ORGANIC ELECTRIC SOLID-STATE DEVICES
H10N,-0.3878,0.0179,1,581,795947,ELECTRIC SOLID-STATE DEVICES NOT OTHERWISE PROVIDED FOR
H99Z,-0.7328,0.0406,1,54,110,SUBJECT MATTER NOT OTHERWISE PROVIDED FOR IN THIS SECTION
