id	x	y	cluster	weight<Links>	weight<Total link strength>
A00G	0.449	-0.2211	3	3	3
A00N	1.372	0.1829	5	4	4
A01A	0.7293	0.0061	5	14	22
A01B	-0.1844	-0.224	1	598	249567
A01C	0.2805	-0.1431	1	584	336896
A01D	-0.1029	-0.5089	1	588	221584
A01E	0.6606	0.0479	5	8	8
A01F	0.1071	-0.348	1	525	119581
A01G	0.1423	-0.2426	1	693	808818
A01H	1.2629	0.2521	5	472	383076
A01I	0.7436	-0.0911	5	1	2
A01J	0.8215	-0.2754	5	469	40304
A01K	0.5507	-0.0664	5	718	730521
A01L	0.4566	-0.0248	5	226	3086
A01M	0.0298	-0.3098	4	624	309013
A01N	1.0163	0.0929	5	718	1843797
A01O	-0.1281	-0.7251	1	1	2
A01P	1.0523	0.0648	5	475	632001
A01Q	0.1356	0.4012	5	15	17
A01R	-0.1993	0.3689	2	23	57
A01S	0.0263	0.7485	2	21	37
A01V	1.5014	0.2221	5	2	2
A01W	1.0941	0.2259	5	13	22
A01X	0.7433	-0.0908	5	1	2
A02B	0.0913	-0.0335	4	13	15
A02C	0.3148	-0.3242	4	9	13
A02D	0.237	-0.2452	3	10	10
A02F	-0.0734	0.8698	2	1	1
A02G	-0.6373	0.1247	2	1	1
A02H	0.7694	0.4045	5	13	17
A02I	0.084	-0.466	4	1	1
A02J	-0.1734	0.14	2	5	5
A02K	-0.3465	0.109	1	10	23
A02L	1.4006	-0.186	5	1	1
A02M	-0.687	0.962	2	4	4
A02N	0.331	0.1262	3	14	14
A02P	-0.9297	0.1531	1	8	13
A03A	0.6652	-0.8023	4	1	1
A03B	-0.0735	0.2002	4	18	31
A03C	-0.5572	-0.2566	1	1	1
A03D	-0.1558	-0.8913	4	4	4
A03F	-0.0696	0.4969	2	12	20
A03G	-0.1534	0.7139	2	7	8
A03H	-0.4286	0.3837	2	6	10
A03K	-0.3335	0.9298	2	14	43
A03L	-0.5505	1.0729	2	4	9
A03M	-0.5871	1.2113	2	4	7
A04B	-0.407	0.8096	2	47	102
A04C	-0.2604	0.0054	3	3	3
A04F	-0.2243	-0.52	1	4	5
A04G	-0.2479	-0.5506	1	5	8
A04H	-0.1994	0.3937	2	14	17
A04J	-0.526	1.1304	2	12	19
A04K	-0.324	0.7536	2	7	10
A04L	-0.2945	1.0015	2	12	23
A04M	-0.4782	1.0361	2	10	18
A04N	-0.2651	0.8449	2	26	68
A04Q	-0.5995	1.0675	2	14	28
A04R	-0.1502	0.6575	2	13	30
A04S	0.2567	-0.8358	4	2	2
A05B	-0.0035	-0.026	2	16	19
A05C	-0.4333	0.2836	2	5	5
A05D	-0.6417	-0.1376	1	7	8
A05F	1.3997	-0.0184	5	4	4
A05H	0.5675	0.0977	3	4	4
A05K	-0.1133	0.4318	2	24	62
A06A	1.5314	0.2352	5	3	8
A06B	-0.1185	0.3293	5	6	7
A06C	-0.7285	-0.338	1	3	3
A06F	-0.4658	0.8694	2	12	26
A06G	-0.2448	0.2167	2	5	5
A06K	0.9049	0.3493	5	20	32
A06L	1.357	0.1335	5	6	6
A06M	0.7923	-0.2646	3	5	5
A06N	0.805	0.4739	5	6	7
A06T	0.0061	0.8311	2	3	3
A07C	1.2675	0.1605	5	11	20
A07D	1.2882	0.1923	5	9	29
A07E	-0.316	-0.5011	4	1	1
A07F	1.0394	0.3058	5	8	11
A07G	-0.1209	-0.625	4	1	1
A07H	1.4483	0.2641	5	7	17
A07J	1.0049	0.2358	5	3	3
A07K	1.2926	0.2433	5	14	38
A07M	0.0542	-0.4525	4	1	1
A07N	1.3931	0.1904	5	5	12
A08B	0.0489	0.2332	2	14	14
A08C	-0.9348	-0.0045	1	2	2
A08F	0.608	0.074	3	6	7
A08J	0.4078	-0.5157	5	3	3
A08L	0.737	0.0391	3	2	2
A09G	-0.1978	0.3055	2	4	4
A09J	0.7927	-0.0378	3	3	3
A09K	0.5869	0.2249	3	4	6
A09N	1.2126	0.1156	5	2	2
A10B	-0.8306	-0.2563	1	9	9
A10C	0.8643	-0.0405	5	9	11
A10G	0.1616	0.0603	4	13	15
A10H	1.5281	0.3193	5	4	33
A10J	1.0534	-0.373	5	1	1
A10K	0.4837	-0.0174	5	16	17
A10M	0.0542	-0.4528	4	1	1
A10N	1.2006	0.1548	5	25	46
A10S	-0.2353	1.1092	2	1	1
A11B	0.4453	0.2296	5	7	9
A11C	-0.259	0.8569	2	7	13
A11K	1.411	0.1645	5	17	47
A11N	1.1985	0.2031	5	2	2
A12C	0.0427	-0.3931	4	3	3
A12D	0.9524	-0.1556	5	5	5
A12E	1.1715	0.251	5	6	6
A12H	1.0704	0.3135	5	4	4
A12L	1.5055	0.1728	5	6	6
A12N	1.4014	0.1836	5	11	23
A12P	1.2903	0.218	5	7	8
A13B	0.9233	-0.3991	5	4	4
A13C	-0.432	-0.7067	1	1	1
A13F	-0.4348	0.6346	2	1	1
A13H	0.0081	-0.2916	3	2	2
A14D	-0.5144	-0.5214	1	3	3
A14G	-0.1203	-0.6251	4	1	1
A14L	0.0657	-0.9803	4	1	1
A15B	-0.4764	0.0061	1	2	2
A16B	0.1978	0.2464	4	24	49
A16C	0.6145	-0.0564	4	9	11
A16D	-1.0995	-0.5152	1	1	1
A16F	0.4966	-0.0912	4	22	36
A16G	-0.5526	0.5235	1	2	2
A16K	1.2654	0.2007	5	58	374
A16L	0.1171	-0.1485	4	30	41
A16M	0.1681	0.0171	4	20	42
A16N	-0.0743	-0.0371	4	11	16
A16P	1.4835	0.2213	5	3	8
A16S	-0.0978	-0.4298	6	1	1
A17C	-0.6787	-0.7861	4	1	1
A17D	-0.5551	-0.6006	4	2	3
A17G	0.2573	-0.4634	3	3	3
A20P	1.4008	-0.1858	5	1	1
A21B	0.3575	-0.5558	4	445	57422
A21C	0.6161	-0.1731	5	456	82542
A21D	1.0949	-0.1713	5	435	181560
A21F	0.3876	-0.4969	3	5	6
A21G	0.8339	-0.3855	5	9	11
A21H	1.0323	0.2821	5	5	6
A21J	0.7753	-0.2204	5	15	15
A21K	1.447	0.1223	5	12	18
A21L	1.2318	-0.0855	5	21	53
A21M	0.487	-0.122	4	2	2
A21O	1.4409	-0.1103	5	6	6
A21P	1.4774	0.2208	5	3	3
A21S	-0.6458	0.399	2	2	2
A22B	0.6307	-0.4701	5	350	21690
A22C	0.708	-0.4735	5	514	112483
A22D	1.5067	-0.1291	5	3	3
A22E	0.9109	-0.629	5	1	1
A22K	1.495	-0.0428	5	4	10
A22L	1.0791	-0.4803	5	2	3
A22Q	-0.2947	-0.1037	2	2	3
A23A	1.2813	-0.225	5	6	9
A23B	0.9085	-0.3471	5	558	225380
A23C	1.1844	-0.1109	5	479	282813
A23D	1.3912	-0.1346	5	311	162732
A23E	1.2839	-0.0696	5	5	5
A23F	0.9871	-0.2582	5	419	126093
A23G	1.0391	-0.1935	5	566	297084
A23H	0.8323	-0.0204	5	18	30
A23I	1.1667	-0.162	5	28	41
A23J	1.268	-0.0635	5	376	174944
A23K	1.352	-0.0223	5	506	474879
A23L	1.1303	-0.1374	5	719	1842271
A23M	0.6013	-0.381	4	15	23
A23N	0.7751	-0.3611	5	487	150273
A23P	1.0511	-0.1582	5	483	220248
A23Q	1.5223	-0.1094	5	2	2
A23R	1.8586	0.3013	5	1	1
A23S	1.3057	-0.2375	5	2	2
A24B	0.613	-0.1314	4	467	93410
A24C	0.4572	-0.417	4	399	54685
A24D	0.4879	-0.3287	4	411	86482
A24E	-0.1088	-0.5434	1	3	3
A24F	0.3297	-0.3285	4	517	123474
A24H	0.4615	-0.4705	4	1	1
A24M	0.8629	-0.2212	4	4	4
A24P	0.4626	-0.4402	4	2	2
A25B	-0.6109	-0.6831	4	4	8
A25C	0.7587	-0.5415	5	4	6
A25D	-0.2034	-0.1163	4	8	8
A25F	0.5293	0.1435	3	4	4
A25G	-0.574	-0.3397	1	5	5
A25J	-0.1213	-0.2073	6	8	8
A25N	1.1008	0.0872	5	2	3
A26B	0.2667	-0.2748	4	12	15
A26C	0.0578	-0.4289	4	4	4
A26D	0.2223	-0.5276	6	2	2
A26G	1.2986	-0.2602	5	1	1
A26M	0.4868	-0.1216	4	2	4
A26N	1.1335	-0.1945	5	4	4
A27B	0.4959	-0.4578	4	6	6
A27C	0.1087	-0.5408	4	9	11
A27F	0.3209	-0.2758	4	6	6
A27G	0.2584	-0.0319	3	3	3
A27J	0.513	-0.5883	4	3	5
A27L	1.2281	-0.0449	5	11	11
A27M	0.1208	-0.7173	6	2	2
A28B	1.4194	0.0366	5	8	8
A28D	-0.2972	-0.5008	1	4	4
A28F	-0.2663	-0.3334	1	1	1
A29B	0.5812	-0.2174	3	6	6
A29C	0.2552	-0.3673	3	4	7
A29D	0.6382	-0.4034	3	7	7
A29F	0.4714	-0.352	3	3	3
A29H	0.0802	-0.1346	3	2	2
A29J	0.285	-0.5299	6	2	2
A29K	1.5502	0.1329	5	3	3
A30A	0.1954	0.4207	4	1	2
A30B	1.2759	-0.3002	5	3	3
A30D	0.3356	0.1185	4	7	17
A30E	-0.5838	-0.3734	1	6	7
A30H	1.4003	0.1146	5	10	16
A30K	0.6268	-0.1424	4	12	15
A31D	1.0221	-0.5145	5	6	6
A31F	0.7185	-0.0078	3	8	9
A31K	1.4727	0.2676	5	17	86
A31L	0.95	-0.0631	4	1	1
A31P	1.4466	0.2166	5	4	11
A32A	0.727	-0.9754	4	1	1
A32B	0.5851	-0.1749	3	31	52
A32C	1.4256	-0.174	5	6	6
A32D	1.575	-0.1306	5	3	3
A32G	1.2984	-0.2604	5	1	1
A32J	1.5319	-0.1636	5	3	3
A32L	1.4497	0.0373	5	10	14
A32N	1.0397	-0.3034	5	5	5
A33C	-0.4041	-0.1631	4	1	1
A33D	-0.3961	-0.9019	4	1	1
A33L	0.7898	-0.3204	5	2	2
A34B	0.3748	-0.7233	4	4	4
A34C	0.4063	-0.4329	4	5	12
A34E	-0.7505	-0.9517	1	1	1
A34F	1.2387	-0.3439	5	1	1
A34G	-0.6784	-0.7858	4	1	1
A34H	-0.5574	-0.6663	4	1	1
A34I	-0.543	-0.684	4	2	2
A34K	0.2064	-1.205	4	1	4
A34L	-0.3943	-0.4871	4	2	3
A35B	-0.6523	-0.8032	4	2	4
A35K	1.5499	0.2391	5	1	1
A36B	0.0215	-0.1492	4	4	7
A36F	-0.3291	0.5837	2	2	2
A36G	-0.1945	0.3606	4	2	2
A36H	-0.4867	0.4163	2	2	2
A36K	1.5019	0.2883	5	3	3
A37B	0.812	0.0883	3	3	3
A37D	0.5543	0.032	3	6	6
A37G	1.3575	0.2136	5	2	2
A37J	0.4792	-0.761	4	1	1
A37K	1.4508	0.2046	5	1	1
A37M	0.5211	-0.0911	4	2	6
A38K	1.5846	0.2935	5	3	3
A40B	-0.2613	-0.5771	4	5	5
A40C	-0.5496	-0.4814	4	4	5
A40G	0.1751	-0.6317	4	2	2
A40K	0.1482	-0.8644	4	2	4
A40L	0.0937	-0.7181	4	2	2
A40Q	-0.6513	1.26	2	1	1
A41A	-0.6144	-0.1595	7	4	4
A41B	0.5108	-0.6025	4	439	109582
A41C	0.574	-0.757	4	294	31348
A41D	0.1868	-0.4251	4	616	362056
A41E	-0.6785	-0.7855	4	1	1
A41F	0.1695	-0.4933	4	372	41336
A41G	0.1293	-0.5825	7	396	22854
A41H	0.1672	-0.4295	4	406	64607
A41J	-0.0407	0.0279	4	42	63
A41K	0.8882	-0.0981	5	10	16
A41L	0.7238	-0.6464	4	7	7
A41M	0.239	-0.5102	4	18	36
A41O	0.3655	-0.5948	3	4	4
A41P	0.1111	0.1545	4	3	3
A41Q	0.1817	-0.8085	7	1	1
A42A	-0.0441	-0.6363	4	3	3
A42B	-0.0573	-0.3127	4	475	85994
A42C	-0.0929	-0.37	4	256	12599
A42D	-0.1085	-0.0535	4	14	23
A42F	-0.1024	-0.2816	4	10	21
A42G	-0.1351	-0.5881	4	7	8
A42J	0.4252	-0.217	5	5	5
A42K	0.2058	-1.2043	4	1	1
A43A	0.4004	-0.6303	4	3	4
A43B	0.3535	-0.5364	4	568	184884
A43C	0.4945	-0.7141	4	352	40989
A43D	0.2764	-0.4492	4	445	50773
A43E	0.6966	-0.6142	5	3	3
A43F	-0.2061	0.0927	4	4	5
A43G	-0.055	-0.4677	4	4	6
A43H	-0.5676	0.4385	2	2	2
A43J	0.6551	-0.4497	3	1	1
A43K	0.0293	-0.6672	4	11	16
A43L	0.1201	-0.3586	4	17	24
A43O	0.6345	-0.934	4	1	1
A43Y	0.5564	-0.8377	4	2	2
A44A	-0.211	-0.3369	4	2	2
A44B	-0.0214	-0.3474	4	579	148070
A44C	-0.2967	-0.1261	4	534	91481
A44D	0.1608	-0.4805	4	16	19
A44E	-0.4041	-0.1634	4	1	1
A44F	-0.1981	-0.3351	3	5	5
A44G	-0.2888	-0.1889	4	9	16
A44H	0.1134	-0.5651	4	2	2
A44L	-0.6329	0.3104	2	4	4
A44V	-0.5085	0.2924	2	7	7
A45A	-0.4275	-0.3297	1	5	13
A45B	-0.6072	-0.6956	4	459	35469
A45C	-0.2562	-0.5833	4	593	206127
A45D	0.1865	-0.5595	4	608	266551
A45E	-0.2644	-0.7252	4	8	13
A45F	-0.309	-0.6648	4	496	107545
A45G	-0.2109	-0.4894	4	17	25
A45H	0.7434	-0.0913	5	1	6
A45J	-0.4855	-0.4698	1	2	2
A45K	-0.0763	-0.4593	1	4	4
A45L	0.3823	-0.1462	5	13	17
A45O	0.1112	0.1543	4	3	3
A45P	-0.3641	-0.8566	4	2	2
A45R	-0.6545	-0.8795	4	3	4
A45S	-0.1998	-0.0507	4	4	4
A45T	-0.3039	0.1987	4	2	2
A46B	0.1875	-0.6573	4	566	146133
A46C	-0.0972	-0.6013	4	26	43
A46D	0.2264	-0.5754	4	376	35266
A46F	-0.2093	-0.5989	4	10	11
A46G	-0.2249	-0.4884	4	9	11
A46K	0.1733	-0.6823	4	6	6
A46L	0.2355	-0.779	4	5	9
A46R	0.254	-0.8926	4	1	1
A47A	-0.1378	-0.7148	4	7	7
A47B	-0.2994	-0.395	4	690	534981
A47C	-0.525	-0.5802	4	642	371570
A47D	-0.4219	-0.4747	4	395	46831
A47E	-0.3947	-0.6343	4	15	30
A47F	-0.2373	-0.3453	4	596	228035
A47G	-0.0973	-0.4318	4	712	491270
A47H	-0.5952	-0.7293	1	442	41571
A47I	0.1309	-0.5739	4	13	15
A47J	0.1406	-0.4557	4	681	483967
A47K	0.1597	-0.94	4	637	351326
A47L	0.0444	-0.7301	4	659	365893
A47N	-0.2955	-0.3677	4	8	9
A47O	-0.1557	-0.5968	4	2	2
A47P	0.1449	-0.6313	4	4	4
A47Q	-0.0623	-0.4856	4	4	6
A47R	-0.2694	-0.5371	4	14	20
A47S	0.0016	-0.5011	4	10	14
A47T	0.326	-0.4617	4	4	5
A47U	0.2037	-0.6521	4	1	1
A47V	-0.5431	-0.6837	4	2	2
A47X	0.2056	-1.2049	4	1	1
A47Z	0.065	-0.9802	4	1	2
A48B	-0.434	-0.0799	4	4	4
A48G	-0.245	-0.5072	4	4	6
A48J	0.1461	-0.741	4	3	4
A49B	0.4344	-0.4308	4	4	5
A49C	-0.6788	-0.7853	4	1	1
A49G	-0.3516	-0.4638	4	3	6
A49H	-0.7373	0.0216	1	1	2
A49J	-0.5181	-0.4861	4	2	2
A49L	-0.3018	-0.6767	1	3	3
A51B	0.0922	0.4428	4	10	18
A51D	0.3577	-0.366	4	4	4
A51F	0.3534	-0.2356	4	5	6
A51G	0.3997	-0.5203	7	2	2
A51H	-0.0444	0.064	2	4	5
A51J	0.4517	-0.2387	4	1	3
A51K	1.3865	0.1794	5	18	75
A51M	0.116	-0.0668	4	4	7
A51N	0.402	0.4126	4	1	1
A51P	1.3882	0.2107	5	3	3
A53B	-0.2063	-0.1963	4	3	5
A53C	1.1467	-0.4587	5	1	1
A53D	-0.208	-0.4232	1	7	7
A53E	1.3831	-0.1898	5	3	4
A53G	1.5837	0.0056	5	4	8
A53H	1.6786	-0.1723	5	1	1
A54C	-0.4493	-0.3051	4	3	4
A54D	0.2588	-0.778	4	1	1
A56B	0.2558	-0.855	4	2	3
A56C	-0.1278	-0.6511	4	2	2
A56M	0.3613	-0.0359	4	1	1
A57G	-0.7205	-0.3007	1	3	4
A57J	0.0421	-0.6402	4	2	2
A59C	-0.3311	-0.8104	4	1	1
A60B	-0.0613	0.0901	4	6	7
A60C	-0.3348	0.5928	3	2	2
A60D	-0.1282	-0.7249	1	1	1
A60F	0.7836	-0.1323	4	2	2
A60G	-0.6092	0.3841	2	1	1
A60K	-0.1688	-0.1344	1	17	33
A60N	-0.312	-0.3533	1	13	17
A60P	-0.933	-0.412	1	2	2
A60R	-0.2386	-0.2816	4	8	8
A60S	-1.1636	-0.2626	1	1	1
A61A	0.8635	0.29	5	25	41
A61B	0.1306	0.2852	4	778	2641892
A61C	0.2097	-0.0634	4	591	294668
A61D	0.449	0.1056	4	443	74273
A61E	0.7434	0.0598	4	30	90
A61F	0.4392	-0.1437	4	765	1491086
A61G	-0.3036	-0.2648	4	601	356859
A61H	-0.1995	-0.2851	4	610	445006
A61I	0.7714	-0.0496	4	30	44
A61J	0.3197	-0.1673	4	595	412526
A61K	1.1749	0.1613	5	939	12946242
A61L	0.7279	-0.0442	4	755	1735102
A61M	0.2551	-0.0364	4	730	1426329
A61N	0.2875	0.2784	4	643	589085
A61O	0.1949	0.4206	4	1	1
A61P	1.2655	0.1891	5	733	8950548
A61Q	1.1953	0.0931	5	587	1621824
A61R	1.5679	0.2493	5	50	261
A61S	0.3068	-0.0366	4	8	16
A61T	0.4685	-0.1731	4	8	10
A61U	0.9341	0.1074	5	4	5
A61V	1.262	0.1694	5	11	18
A61W	0.3911	0.2724	4	6	10
A61X	1.3932	0.0331	5	9	19
A61Y	1.4846	0.216	5	2	3
A61Z	0.3003	-0.0768	4	1	1
A62B	-0.2038	-0.2771	1	623	210624
A62C	-0.4104	-0.1885	1	638	231490
A62D	0.4622	-0.0164	3	526	136302
A62E	-0.6557	0.4469	2	1	1
A62F	0.1132	0.4382	2	11	15
A62G	-0.0034	-0.2921	4	5	5
A62H	-0.3568	0.5769	2	10	11
A62J	0.4247	-0.1392	4	9	9
A62K	1.2638	0.2141	5	24	86
A62L	0.1464	-0.1352	4	19	25
A62M	0.2273	-0.2419	4	11	18
A62N	0.4866	-0.1218	4	2	2
A62P	1.0856	0.0526	5	6	9
A63A	-0.2448	0.224	2	6	7
A63B	-0.2135	0.0275	4	672	360985
A63C	-0.2607	-0.1337	4	526	69509
A63D	-0.2843	-0.0154	4	336	11579
A63E	-0.395	0.4618	2	6	13
A63F	-0.3256	0.4644	2	604	339132
A63G	-0.5064	0.0465	4	425	39833
A63H	-0.3407	0.2125	2	643	158889
A63J	-0.4057	0.2088	2	388	24696
A63K	-0.27	0.0454	4	232	4671
A63L	0.5615	-0.1547	4	18	30
A63M	-0.3336	0.4064	2	3	7
A63N	-0.3347	0.0855	2	7	8
A63O	-0.4983	0.1907	4	3	3
A63P	-0.3975	0.6005	2	4	4
A63Q	-0.5617	-0.1066	4	3	4
A63R	-0.248	0.1784	4	3	8
A63S	-0.2576	0.3399	2	5	13
A63T	-0.5666	0.3621	4	2	2
A64B	-0.2777	-0.3617	4	23	42
A64C	-0.3415	-0.3665	1	7	7
A64D	0.1054	-0.1352	4	8	8
A64F	0.1506	-0.038	3	8	11
A64G	-0.5519	-0.5988	4	2	2
A64H	-0.486	-0.0272	2	6	8
A64J	0.7835	-0.1324	4	2	2
A64K	1.4021	0.2322	5	12	36
A64M	0.9447	0.0521	5	4	4
A65B	-0.0579	-0.1875	4	22	27
A65C	-0.1184	-0.1855	4	8	8
A65D	0.1497	-0.3114	4	47	90
A65F	-0.3293	0.5834	2	2	4
A65G	-0.1481	-0.0658	4	8	14
A65H	0.1579	-0.6489	3	7	11
A65K	1.2972	0.1533	5	17	33
A65L	0.7835	-0.132	4	2	2
A65M	0.3611	-0.0361	4	1	2
A65N	-0.0736	0.3534	2	1	1
A66A	0.8211	-0.6312	5	1	1
A66B	-0.0023	-0.0471	4	23	32
A66C	-0.3469	-0.2224	1	17	18
A66D	-0.2718	-0.3988	1	1	1
A66F	-1.0375	-0.5384	1	1	1
A66K	0.8895	0.0498	5	9	12
A66L	1.3596	0.2015	5	4	4
A66N	0.3335	0.4165	4	2	3
A67B	-0.093	0.0432	4	17	37
A67C	-0.3521	-0.4964	1	13	17
A67D	0.265	-0.2554	4	17	25
A67F	0.4148	-0.0358	4	7	9
A67G	-0.1464	-0.3189	4	9	11
A67H	-0.9082	-0.691	1	1	1
A67J	0.2036	-0.3157	4	9	11
A67K	1.3457	0.1234	5	20	71
A67L	0.3986	-0.5438	4	8	8
A67M	0.3179	0.0842	4	2	4
A67N	0.4023	0.4131	4	1	1
A67P	1.4773	0.2212	5	3	3
A68B	0.0718	0.0504	4	2	3
A68F	-0.2892	0.0583	4	1	1
A68G	-0.6798	-0.3613	1	3	5
A68K	1.4506	0.2042	5	1	1
A68R	-0.2894	0.0579	4	1	1
A69B	-0.4191	0.2716	4	2	2
A69F	0.4198	0.3373	2	7	7
A69H	-0.5162	0.422	2	3	4
A69K	1.4978	0.2496	5	3	4
A69N	-0.2655	-0.4117	4	1	1
A71F	0.2876	-0.0567	4	5	7
A71K	1.3593	0.1999	5	13	42
A71L	1.1086	-0.161	5	4	4
A71N	0.5032	0.1172	4	2	2
A72B	0.3665	-0.6558	6	2	2
A73F	-0.4344	0.6348	2	1	1
A73H	-0.6487	-0.1083	1	4	4
A74B	-0.3989	-0.5698	4	1	1
A74C	-0.8226	-0.4567	4	2	2
A74K	0.2061	-1.2047	4	1	1
A74L	0.0652	-0.9808	4	1	1
A75K	0.2064	-1.2045	4	1	1
A77B	-0.5154	-0.09	4	2	2
A77K	0.2053	-1.2045	4	1	1
A79C	0.7415	-0.3243	4	2	2
A81B	0.1951	0.4209	4	1	1
A81F	0.6066	-0.2042	4	1	2
A81H	1.5267	0.3257	5	3	3
A81K	1.358	0.2106	5	11	25
A81P	1.4446	0.2369	5	5	5
A83F	-0.373	0.696	2	3	3
A84F	0.5356	-0.3383	4	2	2
A87B	-0.5432	-0.6838	4	2	2
A87K	0.2051	-1.205	4	1	1
A91K	1.321	0.2662	5	8	14
A91N	1.4289	0.219	5	1	1
A91P	1.4795	0.2321	5	7	19
A93B	0.4758	-0.7379	4	1	1
A95C	-0.3314	-0.8101	4	1	2
A95G	-0.3313	-0.8105	4	1	1
A96B	0.2542	-0.893	4	1	1
A97B	-0.3367	0.8414	2	1	1
A97C	-0.4539	-0.673	4	2	4
A97F	-0.1078	-0.6696	4	5	7
A97H	-0.6408	-0.4528	1	2	2
A97K	0.049	-0.931	4	2	2
A97L	-0.834	-0.3353	1	6	6
A99Z	-0.0154	0.2806	2	69	134
B00C	1.4006	-0.1856	5	1	1
B00J	-1.0916	-0.4189	1	2	2
B00L	1.1314	0.2121	5	3	3
B00R	0.7431	-0.0911	5	1	1
B00S	-0.7949	-0.5129	1	4	4
B00T	-0.9461	0.0358	1	10	10
B00X	0.5657	-0.1808	3	34	105
B01A	0.6538	-0.2526	3	3	5
B01B	0.2842	-0.0923	3	369	13916
B01C	0.3927	0.0771	3	66	99
B01D	0.3182	-0.1219	3	864	3578414
B01E	0.0829	-0.1738	3	5	5
B01F	0.4244	-0.1632	3	691	907664
B01G	0.7017	0.0373	3	45	97
B01H	0.1191	-0.154	3	44	52
B01I	0.8383	0.3315	5	12	21
B01J	0.6077	0.049	3	851	3654674
B01K	0.5188	0.1826	3	347	14389
B01L	0.4156	0.2254	5	604	437042
B01M	-0.1708	0.1368	3	13	14
B01N	0.6302	0.2008	5	42	73
B01O	0.6714	-0.0286	3	14	21
B01P	0.3968	0.0024	3	29	45
B01Q	0.8076	0.1229	3	7	7
B01R	0.0368	0.5524	2	10	10
B01S	0.4169	0.2087	3	37	66
B01T	0.5386	0.3065	3	14	17
B01U	0.4995	0.1027	3	7	7
B01V	0.4266	0.2294	3	16	32
B01Y	1.0218	0.1962	5	3	3
B02B	0.4077	-0.2867	3	396	28865
B02C	0.4827	-0.3202	3	646	488735
B02D	0.1652	-0.2043	3	52	87
B02E	0.6547	-0.4499	3	1	1
B02F	0.321	-0.0234	3	68	127
B02G	0.3708	-0.263	3	25	32
B02H	0.4492	-0.1706	3	1	1
B02J	0.4623	0.1508	3	21	26
B02K	-0.4117	-0.1284	1	19	26
B02L	0.1469	0.0486	5	16	27
B02M	-1.2125	-0.2613	1	1	1
B02O	0.5905	-0.2386	3	4	4
B03B	0.5381	-0.1783	3	517	123589
B03C	0.3673	-0.1265	3	610	207082
B03D	0.5643	-0.0408	3	406	54811
B03E	-0.3635	1.0631	2	1	1
B03F	0.5278	0.4571	2	18	45
B03G	0.1942	0.3229	2	6	9
B03H	-1.035	-0.2895	1	7	11
B03J	1.4288	0.2192	5	1	1
B03L	0.5552	-0.2792	3	2	2
B04B	0.3846	-0.1036	3	554	88564
B04C	0.6565	-0.5936	3	492	71032
B04D	0.0173	-0.2301	3	35	54
B04E	0.8403	-0.7782	3	1	1
B04F	0.2769	-0.1994	3	21	39
B04G	-0.604	0.514	1	8	12
B04H	0.1184	-0.3907	3	27	39
B04J	0.3616	0.5789	2	7	7
B04K	0.7848	-0.2573	3	3	3
B04L	0.1103	0.9388	2	3	3
B04N	-0.3374	1.0028	2	1	1
B05A	0.4129	0.0318	3	4	5
B05B	0.0527	-0.2105	4	750	796507
B05C	0.1795	-0.2616	4	670	556874
B05D	0.2417	0.0323	3	758	1110761
B05E	0.0868	-0.3	4	1	1
B05F	-0.4399	0.0398	1	14	17
B05G	0.0398	-0.0915	4	33	47
B05H	0.1694	0.2117	3	16	19
B05I	0.1936	-0.0681	3	2	2
B05J	0.22	-0.0866	3	11	11
B05K	-0.0402	-0.0873	4	10	10
B05L	0.2785	-0.2071	4	16	23
B05M	-0.4522	-0.1453	1	6	7
B05N	0.3106	0.2247	3	8	8
B05O	0.2927	0.0218	4	14	16
B05P	0.3637	0.1779	3	41	68
B05Q	0.3244	0.0722	3	6	8
B05R	-1.2127	-0.261	1	1	2
B06B	-0.129	0.2037	2	611	152742
B06C	0.0565	0.0003	3	46	84
B06D	0.1059	0.013	3	44	71
B06E	0.6292	0.486	5	1	1
B06F	-0.4458	0.6044	2	51	136
B06G	-0.7435	-0.169	1	14	37
B06H	-0.352	-0.5474	1	2	5
B06J	-0.7479	-0.2749	1	21	43
B06K	-0.5338	0.3082	2	43	89
B06L	-0.6649	0.239	1	21	33
B06M	0.0031	-0.4385	3	4	4
B06N	-0.2496	-0.0334	2	20	28
B06P	-0.5023	-0.3023	1	18	27
B06Q	-0.6157	0.2551	2	25	41
B06R	-0.7671	0.078	1	41	93
B06S	-0.7488	-0.087	1	7	11
B06T	-0.8503	-0.0348	1	19	32
B06X	-0.0937	0.3564	2	32	101
B07B	0.455	-0.2285	3	612	315641
B07C	0.0527	0.0518	4	594	194024
B07D	0.6255	-0.0034	3	40	75
B07F	-0.0795	0.0099	4	11	11
B07G	-0.1375	0.631	2	3	3
B07H	1.5184	0.3214	5	3	3
B07J	0.9824	0.1348	5	5	6
B07K	1.2262	-0.0826	5	6	6
B07L	0.3405	-0.2903	3	7	7
B07R	-0.4057	1.0308	2	3	3
B08A	0.2638	-0.3791	4	1	1
B08B	0.022	-0.1508	3	722	1368356
B08C	-0.2378	0.5718	2	6	7
B08D	0.2794	-0.0315	3	28	50
B08F	0.3896	0.1201	3	12	14
B08G	0.0797	0.0909	3	17	19
B08J	0.4331	-0.0265	3	14	24
B08K	0.7041	0.0056	3	11	11
B08L	0.3263	-0.1291	3	9	9
B08Q	-0.7056	0.6347	2	5	5
B08R	0.0394	0.2409	3	2	2
B08V	0.4263	0.0796	3	4	4
B09B	0.3958	-0.0946	3	620	391246
B09C	0.4108	-0.0203	3	409	115035
B09D	0.561	0.1075	3	19	24
B09F	-0.18	0.1025	2	15	34
B09G	-0.3015	0.715	2	15	27
B09J	0.6489	-0.0286	3	9	12
B09K	0.6766	-0.001	3	7	7
B09L	0.5659	0.3392	5	1	1
B09S	0.0483	-0.2063	3	4	4
B10D	0.4185	0.0284	3	30	56
B10F	0.6678	-0.0837	3	3	3
B10G	0.9399	0.0837	3	4	4
B10J	0.6517	0.1525	3	17	27
B10K	-0.0595	-0.056	4	2	2
B10L	0.1554	0.6872	5	17	20
B10M	1.4113	0.1839	5	4	4
B10N	-0.8203	-0.6092	4	2	2
B10S	-0.2843	-0.1509	1	3	4
B11B	-0.2278	0.5996	2	17	56
B11C	-0.3046	0.9699	2	10	19
B11D	1.1097	0.1465	5	13	15
B11F	0.6538	0.0343	3	4	4
B11G	-0.339	-0.3937	4	2	2
B11J	0.2225	0.5343	2	9	11
B11L	-0.4041	-0.6183	1	1	1
B11R	-0.3971	0.8779	2	2	2
B12B	-0.1425	0.1992	3	7	9
B12C	0.3579	-0.3941	3	2	2
B12D	0.0042	-0.2797	3	22	29
B12F	-0.0382	-0.3453	6	3	3
B12G	0.9393	0.0648	3	9	22
B12H	-0.2057	-0.2239	3	10	13
B12K	-0.7806	-0.3782	1	2	2
B12N	1.3174	0.2248	5	4	4
B12P	0.0523	-0.6484	6	2	2
B12Q	1.1828	0.4077	5	3	3
B12S	0.4198	-0.1013	3	3	3
B13B	0.105	-0.0454	3	11	11
B13D	0.0028	-0.8042	6	5	5
B13K	-0.1849	0.077	2	1	1
B13P	-0.168	0.6424	2	1	1
B14B	-0.0638	0.8463	2	2	2
B14F	0.0343	0.2741	2	4	5
B14J	0.1637	0.4188	2	13	19
B14M	0.2877	0.6133	2	3	3
B15B	-0.184	-0.2112	6	6	6
B15D	0.1174	0.3487	2	2	3
B15E	-0.3034	0.9729	2	1	1
B15G	-0.4874	0.0234	1	5	5
B15H	0.0017	-0.2596	6	6	8
B15P	-0.4218	-0.4911	1	2	2
B16B	-0.0948	-0.1231	6	20	21
B16C	-0.3034	-0.3712	1	9	11
B16D	-0.5426	-0.3158	1	19	27
B16F	-0.8994	-0.3781	1	5	9
B16H	-0.959	-0.4225	1	1	1
B16J	-0.708	-0.3966	1	3	4
B16K	-0.9168	-0.2784	1	5	9
B16L	0.2635	-0.0131	3	19	30
B16M	-0.6858	-0.4004	1	2	2
B16P	0.0558	-0.5493	6	2	2
B16Q	-1.0928	0.2755	1	1	1
B16T	-0.82	0.0943	1	3	5
B17C	0.0619	-0.3424	4	2	2
B17D	0.2493	-0.2593	4	4	4
B17L	0.9046	-0.3037	3	5	5
B17P	-0.3714	-0.3963	6	1	1
B18C	0.0159	0.5738	2	2	2
B19B	0.5933	-0.3747	3	1	1
B19C	-0.8214	-0.4849	1	3	3
B20A	-1.0226	-0.4698	1	2	4
B20B	-0.1759	-0.3192	3	8	9
B20C	0.4215	-0.3516	3	17	20
B20D	-0.7216	-0.3643	1	3	7
B20E	-1.1725	-0.4232	1	1	2
B20F	-0.7154	-0.4128	1	5	8
B20K	0.1252	-0.5298	3	6	6
B20L	0.0903	-0.5146	3	9	13
B21A	-0.4159	0.7756	2	6	6
B21B	-0.0324	-0.1389	3	579	299048
B21C	0.0166	-0.2247	3	614	329553
B21D	-0.1399	-0.3308	6	713	683039
B21E	-0.0574	-0.0784	2	4	8
B21F	-0.0802	-0.295	6	546	127119
B21G	-0.0292	-0.2876	6	247	10715
B21H	-0.2104	-0.2983	6	409	51820
B21I	-0.3594	-0.3944	6	2	2
B21J	-0.2027	-0.2576	6	543	176421
B21K	-0.2114	-0.257	6	508	143229
B21L	-0.2577	-0.2744	6	229	8057
B21N	0.3082	-0.5416	6	2	2
B21P	-0.2443	-0.3273	6	25	40
B21Q	-0.1569	-0.6114	4	3	3
B21R	-1.107	0.0405	7	1	1
B21S	-0.1706	-0.5956	6	5	6
B21T	-0.1462	-0.352	6	3	3
B21V	-0.6458	0.4078	2	2	2
B22B	0.1652	-0.0734	3	145	379
B22C	0.1676	-0.1582	3	569	163339
B22D	0.0179	-0.1554	3	642	489972
B22E	0.7993	0.24	3	7	9
B22F	0.1497	0.0382	3	634	687178
B22H	-0.0394	0.1746	3	2	2
B22I	0.2512	0.1035	3	2	2
B22K	0.1825	0.0563	3	19	30
B22L	0.3355	-0.1566	3	4	4
B22N	0.2397	-0.1591	3	6	6
B22P	0.0895	-0.0432	3	20	22
B22Q	-0.0174	-0.6832	6	3	3
B22R	0.3055	0.1281	3	2	2
B23A	-0.0441	-0.6647	6	4	4
B23B	-0.072	-0.4886	6	631	459398
B23C	-0.1146	-0.4495	6	501	144167
B23D	-0.1247	-0.5292	6	603	327107
B23E	-0.301	-0.5107	6	10	11
B23F	-0.2186	-0.4245	6	353	33686
B23G	-0.194	-0.4753	6	348	35026
B23H	0.0953	-0.2274	6	459	59841
B23J	-0.2169	-0.3808	6	23	40
B23K	-0.1388	0.0408	2	731	1022125
B23L	-0.1044	-0.2753	6	27	42
B23M	-0.1848	-0.3704	6	10	16
B23N	0.1961	0.0287	3	28	87
B23O	-0.2327	-0.5606	6	6	6
B23P	-0.275	-0.2771	6	678	676113
B23Q	-0.1818	-0.4169	6	688	869710
B23R	-0.0675	-0.0828	6	38	46
B23U	0.0848	0.7476	2	1	1
B24A	0.2259	-0.5413	6	1	1
B24B	0.1531	-0.3802	6	663	514100
B24C	0.0691	-0.1169	3	540	75825
B24D	0.2782	-0.3711	6	536	149034
B24E	0.0377	-0.6851	6	1	1
B24F	-0.2107	-0.3156	1	20	37
B24G	0.042	-0.1657	6	16	23
B24H	0.1866	-0.443	6	2	2
B24J	-0.1404	0.0948	1	4	4
B24K	0.1653	-0.4806	6	3	3
B24L	-0.0936	-0.4541	6	7	10
B24P	0.0846	0.2694	3	6	10
B24R	0.1335	0.1768	3	4	5
B25B	-0.3753	-0.3394	6	652	367992
B25C	-0.3876	-0.5647	6	444	45450
B25D	-0.4564	-0.3389	1	465	81258
B25E	0.1963	-0.0706	4	3	3
B25F	-0.233	-0.3716	6	480	118068
B25G	-0.1689	-0.3239	4	464	62821
B25H	-0.4231	-0.4248	6	552	136843
B25J	-0.3575	-0.1065	6	645	524328
B25K	0.001	-0.2952	6	10	10
B25L	-0.451	-0.7121	6	4	6
B25M	-0.3256	0.0343	6	3	3
B25N	-0.158	-0.7497	6	1	1
B25P	-0.2445	-0.2978	6	16	18
B25Q	-0.043	0.1394	4	5	5
B25R	-0.9727	-0.4028	1	3	3
B25T	-0.4192	-0.1818	6	7	12
B26B	0.0771	-0.2806	4	574	98406
B26C	0.0263	-0.2913	3	35	42
B26D	0.1305	-0.4115	6	657	477600
B26F	0.0188	-0.4782	6	583	247464
B26G	0.2436	-0.9719	4	2	2
B26H	-0.0103	-0.4404	6	24	39
B26I	-0.0858	-0.6995	6	1	1
B26J	-0.4636	-0.1435	6	12	26
B26K	-0.2619	-0.2987	3	21	26
B26L	-1.3041	-0.494	1	1	1
B26M	-1.1535	-0.3286	1	1	1
B26N	-0.0237	-0.6924	6	2	2
B26O	-0.6093	0.3845	2	1	1
B26P	-0.0701	-0.6262	6	9	12
B27B	-0.1185	-0.78	6	484	113027
B27C	-0.074	-0.7014	6	375	67812
B27D	0.1049	-0.496	6	422	81120
B27F	-0.1718	-0.6786	6	357	40659
B27G	-0.0381	-0.6613	6	442	91296
B27H	0.1749	-0.5672	6	202	6929
B27I	0.1576	-0.6292	6	4	11
B27J	0.2001	-0.6104	6	317	18044
B27K	0.5492	-0.3412	3	509	96854
B27L	0.0891	-0.6176	6	407	40912
B27M	0.0313	-0.5993	6	481	94694
B27N	0.4385	-0.4329	3	504	118323
B27P	0.2433	0.2539	3	2	2
B27Q	-0.1243	-0.5699	6	5	6
B27W	0.3284	-0.5709	3	9	10
B28B	0.0568	-0.3289	3	646	368903
B28C	-0.0014	-0.2726	3	512	106996
B28D	-0.1003	-0.3003	6	504	155357
B28E	0.3462	-0.3556	3	2	2
B28F	0.527	-0.0175	3	8	8
B28G	-0.1275	-0.5174	3	9	9
B28H	-0.1512	-0.3909	1	2	2
B28I	0.2125	-0.3505	1	1	1
B28K	0.0923	-0.4818	3	1	1
B28L	-0.2321	-0.4312	3	2	2
B28P	-0.1228	-0.2287	6	9	9
B28Q	-0.0581	-0.4417	6	8	10
B29A	0.4632	-0.4507	3	8	8
B29B	0.431	-0.2636	3	656	745746
B29C	0.1713	-0.2856	3	877	3863838
B29D	0.1718	-0.2615	3	717	940610
B29E	0.1354	-0.21	3	6	8
B29F	0.2201	-0.3176	3	496	70099
B29G	0.3022	-0.301	3	310	9547
B29H	0.0071	-0.2615	3	462	61555
B29J	0.4499	-0.3984	3	330	18023
B29K	0.2636	-0.2636	3	641	893466
B29L	0.1177	-0.2756	3	644	1025633
B29N	0.44	-0.161	3	13	15
B29O	0.3848	-0.1347	3	20	31
B29P	-0.1986	-0.2533	6	9	9
B29T	0.4931	-0.1567	3	2	2
B29V	0.2522	-0.4145	3	1	1
B30B	0.2422	-0.298	3	662	345735
B30C	0.1494	-0.3048	3	37	70
B30D	0.0174	-0.5912	6	3	3
B30E	0.614	-0.0922	3	3	3
B30F	0.0594	-0.4484	3	5	6
B30G	-0.3753	0.0409	7	3	3
B30I	0.9807	0.0362	3	3	3
B30K	0.2039	-0.2606	4	6	7
B30N	-0.6153	-0.4792	1	2	2
B30R	-0.9896	-0.167	1	7	11
B31B	0.1466	-0.6144	6	530	188015
B31C	0.1919	-0.3796	3	322	15093
B31D	0.1964	-0.5749	6	457	54508
B31F	0.4323	-0.4067	3	471	89485
B31G	-0.4643	0.3078	2	1	1
B31J	-0.5048	1.0645	2	2	2
B31K	0.1034	0.4597	2	2	2
B31L	0.0845	-0.4657	4	1	1
B31P	0.2527	-0.4593	3	1	1
B32B	0.1993	-0.158	3	882	3431390
B32C	0.118	-0.1915	3	32	55
B32D	0.1535	-0.1251	3	66	133
B32F	0.4076	-0.1366	3	17	21
B32G	0.2164	-0.266	3	21	23
B32H	0.409	-0.3067	3	15	18
B32J	-0.0065	-0.222	6	6	6
B32K	0.0202	0.0237	2	24	45
B32L	-1.1186	-0.4621	1	3	3
B32M	0.3223	-0.3329	3	8	9
B32N	0.2103	0.0845	3	5	5
B32O	0.0258	0.386	2	7	7
B32P	-0.1768	-0.1761	6	34	46
B32Q	-0.2367	-0.4123	6	23	34
B32R	0.1469	0.1619	2	29	34
B32S	0.1191	0.0709	3	7	9
B33B	0.4348	-0.142	3	18	21
B33K	0.1334	-0.2294	3	6	7
B33Y	0.176	-0.0967	3	563	358985
B34B	0.2292	-0.3812	6	10	32
B34C	-0.359	-0.2305	1	8	9
B34D	0.3294	-0.2867	6	8	13
B34H	-1.0277	-0.2844	1	2	2
B34I	-0.9385	-0.3733	1	1	1
B34K	0.0813	-0.6732	4	4	5
B34L	-0.0706	0.3241	4	4	5
B34Q	0.079	-0.5414	6	3	3
B35A	-0.8949	-0.0105	1	3	3
B35B	-0.1216	-0.2328	3	23	34
B35C	-0.8416	-0.5352	1	5	7
B35D	-0.3846	-0.4769	4	12	21
B35H	0.2523	-0.4587	3	1	1
B36B	-0.2601	-0.1841	1	13	20
B36D	0.4031	-0.5979	3	3	3
B36H	-0.463	-0.1026	1	6	7
B36J	-0.9341	0.0784	1	2	2
B36K	-1.0193	-0.0878	1	4	4
B37B	0.251	-0.3011	3	21	26
B37C	-0.5056	-0.4847	6	1	1
B37D	-0.0429	-0.4094	4	1	1
B37F	-0.2495	-0.753	6	3	3
B38A	-0.1461	-1.0364	6	1	1
B38B	-0.5347	-0.6569	1	1	1
B38C	0.3083	-0.5414	6	2	2
B38H	0.7347	-0.4737	3	1	2
B38I	-0.0075	-0.7372	6	3	10
B39A	0.35	-0.4335	3	18	41
B39B	-0.0697	-0.3006	6	6	6
B39C	0.6195	-0.0599	3	10	13
B39D	0.1969	-0.4201	3	3	3
B39F	0.2524	-0.4149	3	1	1
B40F	-0.1308	0.1205	4	3	3
B40K	-0.0939	-0.807	4	1	1
B40Q	-1.0926	0.2753	1	1	1
B41A	0.1448	-0.1761	3	5	5
B41B	-0.2487	0.7324	2	382	24726
B41C	0.2738	0.2861	2	397	102206
B41D	0.2009	0.1624	2	191	4823
B41E	0.2741	0.3187	2	10	10
B41F	0.1034	0.1184	2	635	304032
B41G	0.1402	0.0087	2	164	4287
B41H	-0.0582	0.2775	2	12	14
B41I	0.0649	0.6406	2	3	8
B41J	0.0211	0.5136	2	708	1248548
B41K	0.0672	0.1038	2	429	40620
B41L	0.0338	0.2636	2	394	57024
B41M	0.1796	0.3122	2	639	668381
B41N	0.2612	0.2511	2	421	107664
B41P	0.2613	0.4577	2	1	1
B41R	0.1285	0.1806	2	2	2
B41S	-0.016	0.7013	2	16	61
B41T	-0.1311	0.6624	2	6	17
B41U	0.2853	0.2619	2	5	5
B41V	-0.0162	0.7791	2	3	9
B42A	-1.0284	-0.3174	1	1	1
B42B	0.0791	-0.1171	3	265	26335
B42C	0.0698	0.182	3	315	66542
B42D	-0.0643	0.2404	2	573	358077
B42F	-0.0871	-0.0947	4	480	68478
B42J	0.0755	0.6883	2	8	13
B42K	-0.1595	-0.4171	4	7	8
B42L	-0.0917	0.1481	4	6	10
B42M	-0.0201	-0.095	4	12	15
B42O	0.0709	0.0699	4	5	5
B42P	-0.1954	0.1041	4	8	8
B42V	0.1091	0.2793	3	1	1
B42X	0.1964	0.0377	3	2	2
B43A	0.0833	0.0958	4	1	1
B43B	0.0849	-0.5478	4	18	49
B43C	-0.1354	-0.4138	4	24	59
B43D	-0.0597	-0.2151	4	8	10
B43F	0.2121	-0.1789	4	12	16
B43G	-0.3995	-0.141	4	6	6
B43H	-0.0471	-0.323	4	8	10
B43I	-0.185	-0.0378	4	1	3
B43K	-0.0778	-0.5766	4	527	76450
B43L	-0.1381	-0.0406	4	521	106112
B43M	0.0523	-0.365	4	376	34721
B43N	0.2048	-0.5515	4	3	3
B43Q	-0.1554	-0.1636	3	3	3
B43R	-0.0939	-0.8074	4	1	1
B44B	-0.0441	-0.1631	6	444	45253
B44C	0.071	-0.1647	3	636	317487
B44D	0.069	-0.2036	3	550	74327
B44E	0.1311	0.2012	3	5	5
B44F	0.106	0.0208	2	500	114933
B44G	0.2066	0.1052	3	4	5
B44I	-0.0405	-0.1066	4	3	3
B44J	-0.3107	0.8124	2	6	7
B44L	-0.1287	0.0272	3	12	15
B44M	0.2437	0.2014	3	9	9
B44S	0.439	0.208	3	3	3
B45B	-0.5309	-0.6882	4	2	2
B45C	-0.0362	-0.6222	4	3	6
B45D	0.006	-0.4572	4	17	24
B45F	-0.2816	-0.3878	4	3	3
B45H	0.2507	-0.3166	3	3	5
B45J	-0.0257	0.6633	2	2	5
B45K	0.3764	-0.6415	4	3	3
B45L	-0.0756	0.49	2	7	8
B46B	0.0669	-0.5701	6	6	7
B46C	-1.0179	-0.0982	1	3	4
B46D	-0.1191	0.0652	2	9	9
B46G	-0.7872	0.6731	1	2	4
B46J	0.0536	0.716	2	1	2
B46K	-0.0941	-0.8072	4	1	1
B47B	-0.265	-0.3462	4	14	16
B47C	-0.2669	-0.6314	4	7	7
B47D	-0.2875	-0.53	4	13	14
B47F	-0.1348	-0.262	4	11	15
B47G	-0.1206	-0.6247	4	1	2
B47H	-0.2196	-0.8088	4	1	1
B47J	-0.063	0.5308	2	11	18
B47K	0.0766	-0.6265	4	9	9
B47L	-0.0456	-0.6365	4	5	7
B48D	0.5796	0.0639	3	5	5
B48K	0.2047	-0.5516	4	3	3
B49B	0.0534	0.7161	2	1	1
B49C	-0.0761	-0.3331	3	7	7
B49D	0.1089	-0.306	6	5	13
B49H	-0.3818	-0.1433	1	3	4
B49J	0.0722	0.4338	2	3	7
B49L	-0.0111	-0.2942	3	6	6
B50B	0.0848	-0.4666	4	1	1
B50C	0.1594	0.2764	2	6	6
B50D	0.5221	-0.0079	3	6	6
B50E	0.84	-0.7784	3	1	1
B50G	-1.033	-0.3394	1	2	2
B50H	-0.6012	-0.2772	1	3	3
B50J	-1.0607	-0.5343	1	2	2
B50K	-0.6558	0.0591	1	10	12
B50P	-1.1521	-0.514	1	1	1
B50Q	-1.0708	0.0913	1	2	2
B50R	-0.9615	-0.2527	1	3	3
B51D	0.1537	0.1913	2	1	1
B51F	0.3532	-0.3254	3	4	4
B51J	0.0537	0.7162	2	1	1
B52B	-0.0031	0.1143	3	32	45
B52C	-0.6253	-0.4851	6	3	3
B52D	-0.9858	-0.3002	1	4	11
B52F	-0.3232	0.3036	2	1	1
B53D	-1.0287	-0.3173	1	1	1
B54A	0.2254	-0.829	6	2	3
B54B	0.0471	-0.5303	4	4	7
B54C	-0.5655	-0.3195	1	5	5
B54D	-0.3469	-0.3297	4	8	11
B54H	-0.0424	0.1203	2	5	7
B55B	0.2028	-0.8452	6	1	1
B55C	0.0864	-0.3087	3	4	7
B55D	0.1603	-0.1358	4	9	12
B55E	0.3567	-0.4504	3	5	8
B55F	0.5611	-0.3872	3	3	3
B56B	-0.0788	-0.4693	4	5	7
B56D	0.0522	-0.3366	4	17	27
B56G	0.4025	-0.4166	5	4	5
B56H	-0.0168	-0.3975	3	2	3
B57B	-0.2199	-0.8091	4	1	1
B57D	0.272	-0.252	4	4	4
B58A	0.347	-0.4308	3	1	4
B58B	-0.5057	-0.4845	6	1	1
B60A	-0.7497	-0.1976	1	21	32
B60B	-0.712	-0.276	1	595	233617
B60C	-0.0724	0.0527	3	612	367794
B60D	-0.761	-0.1983	1	392	53017
B60E	-0.6436	-0.2806	1	7	7
B60F	-0.8278	-0.2312	1	315	31078
B60G	-0.7187	-0.2867	1	523	225231
B60H	-0.5554	-0.4193	1	553	306547
B60I	-0.7539	-0.0933	1	5	6
B60J	-0.9027	-0.394	1	604	395762
B60K	-0.7188	-0.1234	1	688	1407060
B60L	-0.687	0.0433	1	577	855812
B60M	-0.4502	-0.0159	1	381	51799
B60N	-0.5387	-0.402	1	577	343663
B60O	-0.8508	0.1322	1	5	6
B60P	-0.6806	-0.2599	1	630	312061
B60Q	-0.8457	0.2001	1	565	445937
B60R	-0.7184	-0.0798	1	767	1689506
B60S	-0.9001	-0.2059	1	567	238246
B60T	-0.7944	-0.089	1	596	457341
B60V	-0.645	-0.2118	1	299	15861
B60W	-0.745	0.0287	1	463	786840
B60X	-1.157	-0.5613	1	3	3
B60Z	-0.609	0.3843	2	1	1
B61A	0.6395	-0.1064	5	2	2
B61B	-0.6026	-0.1926	1	504	121753
B61C	-0.6942	-0.0829	1	418	61466
B61D	-0.739	-0.3455	1	558	161417
B61F	-0.7189	-0.3278	1	423	60011
B61G	-0.9148	-0.3256	1	326	22953
B61H	-0.8043	-0.2413	1	336	39805
B61I	-0.8889	0.3594	1	1	2
B61J	-0.681	-0.1801	1	256	10171
B61K	-0.6134	-0.0272	1	386	44942
B61L	-0.6718	0.2597	1	445	108578
B61M	-0.318	0.032	1	16	20
B61N	-0.4913	0.0805	1	27	48
B61O	-0.9291	-0.2175	1	2	2
B61P	0.0573	-0.2144	1	12	12
B61Q	-0.7687	0.3774	2	4	4
B61S	-0.8106	0.152	1	5	5
B62A	-0.7874	0.2077	1	2	2
B62B	-0.3774	-0.2981	1	557	159698
B62C	-0.714	-0.2482	1	200	2175
B62D	-0.784	-0.2408	1	710	1024698
B62E	-1.0285	-0.317	1	1	1
B62F	-0.7699	-0.3024	1	29	78
B62G	-0.1177	-0.0694	3	44	159
B62H	-0.9418	-0.3065	1	318	50612
B62I	-1.1865	-0.3596	1	2	2
B62J	-0.9064	-0.2498	1	495	209955
B62K	-0.7934	-0.2716	1	516	213853
B62L	-1.0399	-0.3891	1	279	43059
B62M	-0.8931	-0.2536	1	474	164077
B62N	-0.9469	-0.3958	1	3	3
B62O	-1.0148	-0.2709	1	2	5
B62P	-0.9041	-0.262	1	7	17
B62Q	-1.1612	-0.4191	1	2	2
B62R	-0.8653	-0.1635	1	7	17
B62S	-0.6429	-0.365	1	7	7
B62T	-1.1687	-0.3225	1	1	2
B62V	-1.0043	-0.2478	1	3	3
B63A	-0.9566	-0.3302	1	3	3
B63B	-0.482	-0.284	1	670	470225
B63C	-0.6092	-0.2281	1	529	116511
B63D	-0.6539	-0.3768	1	29	61
B63E	-0.0805	-0.3174	3	7	9
B63F	-0.7042	-0.0602	7	13	15
B63G	-0.635	-0.1035	1	431	52344
B63H	-0.8852	-0.2533	1	558	196222
B63J	-0.6815	-0.259	1	387	57194
B63K	-0.9375	-0.2378	1	21	28
B63L	-0.7206	-0.1521	1	11	17
B63M	-0.8291	-0.2283	1	6	8
B63N	-0.9914	-0.3215	1	5	9
B63O	-0.9005	-0.3519	1	1	1
B63Q	-0.4398	-0.3615	6	5	5
B63R	-0.7241	0.1656	1	6	6
B64A	-0.2084	-0.2337	4	4	5
B64B	-0.6442	-0.0569	1	355	15632
B64C	-0.856	-0.1252	1	611	414656
B64D	-0.7297	-0.0385	1	616	441344
B64E	-1.0481	-0.2432	1	7	8
B64F	-0.5573	-0.1296	1	498	135508
B64G	-0.7635	0.2139	1	528	82718
B64H	-0.394	-0.3453	1	17	28
B64K	-0.9365	0.0519	1	3	3
B64L	-0.7532	0.0617	1	17	30
B64M	-1.0372	-0.3609	1	1	1
B64N	-0.2042	-0.384	4	3	3
B64O	-0.6252	0.0848	1	4	4
B64P	-1.0115	-0.1226	1	3	4
B64R	-0.4931	0.3426	2	3	3
B64U	-0.6785	0.0897	1	357	45635
B65A	-0.1548	-0.2343	4	15	24
B65B	0.1218	-0.2763	4	712	710015
B65C	0.0924	-0.1392	4	510	89033
B65D	0.0512	-0.3189	4	889	2128655
B65E	-0.0832	-0.3539	4	8	12
B65F	-0.0987	-0.2475	4	533	116190
B65G	-0.1191	-0.1899	4	775	1364421
B65H	0.1723	-0.3157	3	764	1136185
B65I	0.4642	-0.2913	4	6	6
B65J	-0.5323	-0.406	1	189	5857
B65K	-0.5035	-0.1485	1	9	11
B65L	0.1425	-0.612	6	8	9
B65M	-0.1022	-0.1127	3	34	74
B65N	-0.0261	-0.3085	4	17	27
B65O	-0.038	-0.3736	4	4	5
B65P	-0.0519	-0.4106	4	18	30
B65Q	-0.1213	-0.435	6	10	13
B65R	-0.0618	-0.2801	4	9	20
B65S	-0.1331	-0.4442	4	3	5
B65T	0.2183	-0.4307	4	2	2
B65V	0.1886	-0.3441	4	2	2
B65W	0.2524	-0.4596	3	1	1
B66A	-1.2173	-0.6512	1	1	1
B66B	-0.7192	-0.2553	1	553	150481
B66C	-0.5612	-0.2849	1	622	296708
B66D	-0.9724	-0.5095	1	542	109680
B66E	-0.6877	-0.2458	6	5	5
B66F	-0.8052	-0.4046	1	617	276276
B66G	-0.1514	-0.3274	4	49	73
B66H	-0.0434	-0.232	4	31	47
B66J	-0.6235	-0.4492	1	4	4
B66K	-0.5534	0.0649	7	10	10
B66L	-0.6704	-0.1402	1	7	11
B66N	-0.7135	-0.5606	1	1	1
B66O	-1.2176	-0.6511	1	1	1
B66P	-0.977	-0.3405	1	6	6
B66R	-0.9536	-0.0892	1	1	2
B66S	-0.7925	-0.3898	1	2	2
B66T	-0.5675	-0.3955	1	3	3
B66X	-1.2175	-0.6514	1	1	1
B67A	-0.2423	-0.3704	3	2	2
B67B	-0.1717	-0.5795	4	508	62214
B67C	0.0651	-0.3661	4	467	78556
B67D	-0.0408	-0.2812	4	643	254378
B67E	0.0274	-0.4637	4	4	4
B67F	-0.0036	-0.5775	4	4	4
B67G	-0.3263	-0.4344	4	6	7
B67H	0.4923	-0.4346	3	5	7
B67L	0.7854	-0.1193	5	5	5
B67O	0.1205	-0.3036	4	8	9
B67P	0.3264	-0.2733	4	2	2
B67R	-0.2197	-0.8092	4	1	1
B68B	0.172	-0.1622	5	182	2755
B68C	0.1785	-0.2172	5	173	2489
B68D	0.1434	-0.4735	4	13	15
B68F	0.1725	-0.4214	3	171	2573
B68G	-0.0028	-0.5167	3	366	55754
B68K	-0.3992	-0.5695	4	1	1
B69B	-0.3254	-0.3507	1	12	12
B69C	-0.6597	-0.2168	1	6	7
B69D	-0.0591	-0.3592	4	13	21
B69F	-0.7685	-0.17	1	6	6
B69G	-0.266	-0.4887	4	6	7
B69H	-0.5731	-0.6008	1	2	2
B69K	-0.9592	-0.3327	1	2	3
B69R	-0.6013	0.5514	2	2	2
B70C	0.2188	0.1393	4	4	4
B70F	0.5875	-0.233	3	1	1
B70G	-1.3727	-0.6491	1	2	2
B70K	-0.9704	-0.2051	1	2	2
B70L	-0.5812	0.4289	2	3	3
B70R	-0.8386	0.018	1	3	3
B71D	-0.3779	-0.1425	6	6	7
B72G	0.0937	-0.2617	6	2	2
B73B	0.7098	0.2502	3	9	9
B73C	-0.2373	-0.6047	6	1	1
B73H	0.2004	-0.3944	6	2	2
B73K	-0.1217	0.3442	2	3	4
B73Q	-0.1617	-0.653	6	2	2
B74C	-1.1156	-0.1515	1	1	2
B75B	0.1836	-0.4016	4	1	1
B75D	-0.3124	-0.1851	1	9	11
B75G	-0.1246	-0.1777	4	3	3
B75H	-0.954	-0.0899	1	1	1
B76B	-0.6868	-0.3925	7	2	2
B76D	-0.0413	-0.2424	4	7	8
B77B	-0.1019	-0.7864	6	6	6
B77C	-0.2372	-0.6044	6	1	1
B77L	0.2125	-0.3502	1	1	1
B79C	0.0994	-0.2817	3	4	4
B80A	-0.0925	-0.5921	3	4	7
B80C	-0.0912	0.0956	3	1	1
B80L	-0.9146	0.0795	1	1	1
B80P	-0.739	-0.1272	1	3	3
B80R	-0.7876	-0.0626	1	6	10
B80T	-0.7245	0.0937	1	6	7
B81A	0.1281	-0.4187	4	7	12
B81B	-0.1286	0.4087	2	473	204851
B81C	-0.0264	0.3461	2	416	148633
B81D	0.0884	-0.454	4	3	3
B81E	0.0136	-0.3331	4	4	11
B81J	1.099	0.0862	5	5	5
B81R	-0.4273	0.2509	2	2	2
B82B	0.4506	0.2834	3	448	121129
B82Y	0.4177	0.2446	3	538	406720
B84C	-1.0433	-0.0918	1	2	2
B85D	0.1546	-0.0618	4	6	9
B85G	0.1242	-0.274	4	7	10
B86D	0.9099	0.1017	3	4	4
B86G	-0.3988	-0.5695	4	1	1
B87A	-0.5046	-0.5559	6	5	5
B89B	-0.4406	-0.5752	1	2	2
B89D	0.546	-0.0827	3	7	7
B91D	0.3121	-0.1272	3	2	2
B91J	0.7002	0.4921	5	8	10
B92C	0.3719	-0.3648	4	3	3
B92D	-0.0722	0.2356	2	6	8
B92H	-0.1143	0.2727	3	3	3
B95C	0.2994	-0.1094	3	7	8
B95D	0.5939	-0.1782	3	6	6
B98D	0.1106	-0.3997	4	3	3
B99Z	-0.3702	0.2378	2	13	26
C00B	0.721	0.2934	3	5	5
C00C	1.0251	0.3232	5	6	8
C00D	1.4773	0.2212	5	3	3
C00F	1.1411	0.1648	5	3	3
C00G	1.2281	0.1983	5	2	2
C00H	1.2846	0.341	5	4	4
C00K	1.1662	0.3624	5	14	17
C01B	0.49	0.0439	3	740	1519468
C01C	0.5771	0.0098	3	423	83095
C01D	0.5352	0.0205	3	452	98392
C01E	0.9208	0.1893	5	8	8
C01F	0.4785	0.1028	3	558	283310
C01G	0.4664	0.1282	3	596	609378
C01H	0.8631	0.3133	5	31	58
C01J	0.6265	0.0339	3	60	132
C01K	0.9919	0.2167	5	44	132
C01L	0.6188	0.0499	3	61	176
C01M	0.7639	0.1055	3	48	175
C01N	1.0346	0.331	5	73	346
C01O	-0.4846	-0.0892	1	1	1
C01P	0.4047	0.3002	5	25	25
C01Q	1.3342	0.2286	5	4	4
C01R	-0.0783	0.5193	2	26	38
C01S	-0.2111	0.5566	2	16	24
C01T	0.3263	0.5563	3	2	2
C01V	-0.3611	0.4436	2	12	18
C01X	0.4852	-0.0066	3	42	112
C01Z	1.2181	0.3713	5	3	3
C02B	0.6354	-0.1162	3	381	32488
C02C	0.6177	-0.1535	3	394	50670
C02D	0.7092	-0.1538	3	114	1411
C02E	0.8037	0.0022	3	19	31
C02F	0.4928	-0.1024	3	709	1512892
C02G	0.8568	-0.1701	3	11	13
C02H	1.3662	0.3018	5	16	58
C02J	0.1041	0.2655	3	13	24
C02K	1.2269	0.253	5	22	50
C02L	0.6415	0.1156	3	4	4
C02M	0.8475	0.0714	3	3	3
C02N	1.4049	0.2488	5	15	29
C02P	1.4092	0.2907	5	10	18
C02Q	1.2932	0.3517	5	12	21
C02R	0.5255	-0.1868	3	3	6
C02S	-0.0923	0.6554	2	1	1
C02V	0.1853	0.6306	5	2	2
C02X	0.9963	-0.0276	3	10	32
C03B	0.1931	0.0838	3	638	370342
C03C	0.2949	0.1318	3	689	769886
C03D	0.4843	-0.0337	3	22	31
C03E	0.3347	0.207	3	3	4
C03F	0.2883	0.3742	2	49	134
C03G	0.5501	0.2886	3	43	83
C03H	0.6153	-0.054	3	2	2
C03J	0.4595	0.2635	3	6	6
C03K	0.9101	-0.0614	3	21	26
C03L	0.2823	0.2371	3	30	49
C03N	0.4563	0.6391	2	1	1
C03R	0.4249	0.4471	2	5	5
C03X	0.1893	0.2979	3	8	9
C04B	0.2682	-0.0342	3	771	1443019
C04C	0.3609	-0.1231	3	62	170
C04D	0.8384	0.0911	3	47	93
C04E	0.2632	-0.121	3	9	12
C04F	0.3723	-0.1719	3	11	11
C04G	0.1802	-0.3008	3	9	9
C04H	0.4116	-0.3025	3	22	29
C04J	0.4714	0.1091	3	17	21
C04K	1.0483	0.24	5	17	36
C04L	0.5867	0.0383	3	7	9
C04N	0.6049	0.0987	3	6	6
C04Q	0.178	0.5537	2	14	15
C05A	1.2848	-0.086	3	2	2
C05B	1.0156	-0.0549	3	319	37870
C05C	1.06	-0.0396	3	326	53262
C05D	1.0627	-0.0629	3	336	59136
C05F	1.0638	-0.1224	3	504	202397
C05G	0.9846	-0.0537	3	432	218825
C05J	0.6324	-0.2155	3	10	10
C05K	0.7473	0.0617	3	15	19
C05L	0.5859	0.2151	3	6	8
C05R	1.328	-0.1682	3	1	1
C05X	1.0836	-0.0232	3	13	28
C06A	1.5801	0.2167	5	4	6
C06B	-0.0151	-0.0394	7	484	63006
C06C	-0.3365	0.0057	7	337	22128
C06D	-0.139	-0.0968	7	332	32096
C06E	-1.1069	0.0402	7	1	1
C06F	0.164	0.0688	7	226	2243
C06G	0.5931	0.1698	7	24	29
C06H	0.7175	0.2822	5	8	8
C06J	0.3892	0.2534	3	14	18
C06K	0.1447	0.6164	2	42	110
C06L	0.947	-0.0124	3	13	18
C06M	1.0062	0.068	3	22	31
C06N	0.226	-0.4579	7	7	7
C06O	-0.58	-0.0351	7	2	4
C06P	1.1262	0.1291	3	12	27
C06T	-0.1569	0.8151	2	8	17
C07A	1.2326	0.2651	5	15	41
C07B	0.997	0.1901	5	554	1049212
C07C	1.0328	0.157	5	808	3890791
C07D	1.1567	0.1705	5	805	5583093
C07E	1.2506	0.2199	5	19	63
C07F	0.8954	0.2059	5	639	1339046
C07G	1.3368	0.1751	5	377	157561
C07H	1.2669	0.2528	5	597	1443414
C07I	1.4	0.2885	5	10	13
C07J	1.3337	0.2203	5	435	223699
C07K	1.2573	0.2669	5	691	4248242
C07L	1.1195	0.1961	5	47	252
C07M	1.3324	0.2559	5	66	1455
C07N	1.3765	0.3012	5	28	391
C07O	1.313	0.2059	5	14	39
C07P	1.2958	0.2287	5	34	147
C07Q	1.4406	0.2836	5	15	32
C07R	1.3805	0.2824	5	20	78
C07S	1.2501	0.1528	5	17	29
C07T	1.2774	0.1644	5	6	7
C07U	1.382	0.3293	5	8	15
C07V	1.1882	0.1811	5	5	6
C07X	1.3829	0.253	5	11	22
C07Z	1.3572	0.2139	5	2	2
C08A	0.8116	0.1201	3	3	4
C08B	1.273	0.0465	5	541	422054
C08C	0.6701	0.0463	3	414	108688
C08D	0.7446	0.0532	3	246	15906
C08E	0.7299	0.1399	3	27	54
C08F	0.6617	0.1107	3	771	2291750
C08G	0.6141	0.046	3	785	2731596
C08H	0.958	0.0578	3	386	83218
C08I	0.7897	0.0867	3	26	67
C08J	0.5616	-0.0401	3	763	3021108
C08K	0.5348	0.033	3	773	3304738
C08L	0.5607	0.0063	3	841	4922731
C08N	0.689	0.1558	3	7	7
C08O	1.1339	0.122	5	4	4
C08P	0.7605	0.0739	3	10	17
C08Q	0.9551	0.0257	3	5	7
C08R	0.7112	0.0731	3	34	72
C08S	0.6359	0.0199	3	23	41
C08T	0.6681	0.0078	3	24	40
C08U	0.8145	0.0271	3	4	4
C08V	0.5134	-0.2323	3	2	2
C08Y	0.7198	0.02	3	9	12
C08Z	0.8185	0.0708	3	5	10
C09B	1.001	0.077	3	617	533651
C09C	0.6264	0.0607	3	529	334233
C09D	0.562	0.0998	3	777	2268926
C09E	0.9658	0.0925	3	3	3
C09F	0.8977	0.1094	3	314	20558
C09G	0.4324	0.0627	3	340	80185
C09H	0.9919	0.0188	5	205	10314
C09I	0.8824	0.0893	3	7	7
C09J	0.4878	-0.0519	3	695	1094571
C09K	0.4817	0.0173	3	788	2347108
C09L	0.7135	0.059	3	37	88
C09N	0.6985	-0.0344	3	9	9
C09O	0.9142	0.0411	3	12	17
C09P	0.9395	0.0585	3	5	5
C09Q	0.5566	0.2489	3	4	4
C09R	0.4801	0.1132	3	8	9
C09S	0.557	-0.0003	3	12	14
C09U	0.7074	-0.0279	3	10	10
C09V	0.4785	-0.1753	3	7	10
C09W	0.7888	0.1281	3	2	2
C09X	1.2056	0.2486	5	2	2
C09Y	0.6658	-0.0684	3	1	1
C09Z	0.7495	0.1582	3	1	1
C10B	0.3668	-0.0709	3	537	144979
C10C	0.6285	-0.004	3	363	39654
C10D	0.5731	0.1272	3	29	51
C10E	0.3812	-0.0684	3	3	3
C10F	0.5355	-0.2469	3	197	5442
C10G	0.9299	0.138	3	592	485062
C10H	0.3906	0.0653	3	178	1833
C10I	0.6309	0.103	3	5	6
C10J	0.3546	-0.0904	3	426	116588
C10K	0.559	-0.0306	3	337	77870
C10L	0.5071	-0.0168	3	579	340327
C10M	0.5853	0.0541	3	587	432265
C10N	0.6818	0.1043	3	484	272153
C10P	1.2569	0.394	5	9	11
C10Q	1.2988	0.3111	5	7	8
C10T	0.8902	0.1574	3	1	1
C10Y	1.1698	0.189	3	1	1
C10Z	1.1266	0.185	5	4	4
C11A	1.1527	0.1137	5	1	1
C11B	1.1204	-0.0388	5	499	300508
C11C	1.1597	-0.0133	5	403	105304
C11D	0.9114	0.085	5	670	700924
C11E	1.1683	-0.0219	5	3	3
C11G	1.2114	0.2074	5	5	7
C11H	1.5429	0.3236	5	1	1
C11J	0.7661	-0.2371	3	5	5
C11L	1.1948	-0.0461	5	2	2
C11N	1.4206	0.2698	5	12	30
C11O	1.1527	0.1139	5	1	4
C11P	1.2327	0.1783	5	15	20
C11Q	1.2437	0.3371	5	14	24
C11R	1.3596	0.1414	5	3	6
C12A	1.31	0.3302	5	14	40
C12B	1.1466	0.1068	5	244	10320
C12C	1.1428	0.0333	5	377	55278
C12D	1.4145	0.1778	5	246	44010
C12E	1.4508	0.2286	5	11	12
C12F	1.1421	-0.0011	5	196	10191
C12G	1.208	0.0344	5	391	117234
C12H	1.1663	0.0278	5	370	60067
C12I	0.881	0.1241	3	8	23
C12J	1.3339	0.0305	5	160	13088
C12K	1.2322	0.2212	5	241	19869
C12L	0.691	-0.1408	5	139	2630
C12M	0.825	0.1867	5	598	610051
C12N	1.2251	0.2383	5	787	5517479
C12O	1.162	0.2272	5	38	205
C12P	1.2407	0.2414	5	650	2552593
C12Q	1.1511	0.3226	5	624	2284651
C12R	1.2387	0.1944	5	505	1564741
C12S	0.9914	0.0054	5	303	46954
C12U	1.372	0.3354	5	7	7
C12V	1.4253	0.2628	5	10	18
C12W	1.4094	0.2178	5	16	30
C12X	1.456	0.2686	5	6	17
C13B	1.1533	-0.175	5	363	43242
C13C	1.1222	-0.3022	5	106	1614
C13D	1.1491	-0.1382	5	169	8775
C13F	1.1988	-0.155	5	164	8202
C13G	1.014	-0.1878	5	74	1101
C13H	0.9917	-0.3312	5	27	119
C13I	1.5591	0.0515	5	1	1
C13J	1.2617	-0.0927	5	65	1733
C13K	1.3332	0.06	5	266	52670
C13L	1.0463	0.2535	5	140	3780
C13M	1.0248	0.4543	5	2	2
C13N	1.2264	0.126	5	2	2
C13P	1.3011	0.0453	5	12	12
C13Q	1.0752	0.3851	5	10	11
C13R	1.4249	0.1449	5	5	5
C13X	-1.0991	-0.5156	1	1	1
C14B	0.4221	-0.295	3	392	20453
C14C	0.7431	-0.0683	3	402	50811
C14G	0.7853	-0.1083	3	4	4
C14L	0.0878	-0.0672	3	4	4
C14M	1.3291	0.1079	5	3	3
C14P	1.4154	0.3433	5	8	8
C15C	1.4488	-0.0104	5	3	3
C15D	0.2432	0.4969	3	2	2
C15G	0.611	0.0171	3	3	3
C15N	1.4545	0.2998	5	9	39
C16A	1.0617	-0.0969	3	5	5
C16B	1.0134	-0.074	3	8	10
C16C	0.2556	0.0915	3	13	16
C16G	0.2178	-0.247	3	8	8
C16J	-0.4558	0.9127	2	1	1
C16K	1.3965	0.1052	5	4	4
C16L	0.3966	-0.1465	3	5	5
C16Q	1.1985	0.413	5	3	3
C17B	1.3279	-0.1685	3	1	1
C17C	0.6567	0.15	3	3	3
C17D	1.4457	0.2033	5	5	15
C17F	-0.8299	-0.3308	1	1	1
C17H	1.3547	0.3614	5	7	15
C17J	1.5433	0.262	5	4	4
C17K	1.3652	0.3043	5	4	7
C17M	0.4216	0.0389	5	5	6
C17N	1.4148	0.3667	5	9	25
C17P	1.39	0.4166	5	6	6
C17Q	1.2926	0.3974	5	9	16
C18A	0.6163	-0.2434	3	2	2
C18B	0.3841	-0.1536	3	2	5
C18C	0.094	-0.1653	3	4	5
C18F	0.8662	0.1679	3	1	1
C18J	0.8286	-0.0251	3	10	10
C18K	1.5742	0.1866	5	2	2
C19F	0.723	-0.3482	3	1	1
C19G	0.8452	0.0373	3	4	4
C19K	0.1861	0.2708	3	6	6
C19M	0.2521	-0.4594	3	1	1
C19P	1.2941	0.3368	5	6	16
C20B	0.3244	0.6457	2	2	3
C20C	0.2906	0.1942	3	5	5
C20F	0.9451	0.0568	5	16	18
C20G	1.17	0.1884	3	1	1
C20M	0.735	0.0376	3	2	2
C20Q	1.4038	0.3331	5	5	5
C21B	0.3564	-0.1626	3	491	162057
C21C	0.2973	-0.1394	3	514	207074
C21D	0.0746	-0.1277	3	621	641873
C21E	0.4516	-0.1637	3	3	4
C21F	0.3545	0.0523	3	9	13
C21G	0.648	-0.0372	3	8	9
C21H	0.787	-0.1437	3	5	9
C21K	0.361	0.5832	2	6	7
C21L	0.428	-0.1038	3	6	7
C21M	0.8854	0.1256	5	4	5
C21N	1.3964	0.2892	5	25	111
C21P	1.4149	0.2632	5	19	66
C21Q	1.2624	0.3524	5	18	38
C21S	0.2385	-0.2895	3	1	1
C22A	1.2556	0.0963	3	1	1
C22B	0.4432	-0.0216	3	614	431531
C22C	0.1618	-0.0019	3	695	1254613
C22D	0.6302	0.18	3	197	6594
C22E	0.2677	-0.0026	3	10	13
C22F	0.238	0.0368	3	492	282112
C22G	0.3805	0.185	3	18	25
C22H	1.1188	0.1637	5	4	4
C22I	0.7682	0.0461	3	3	4
C22K	0.3581	-0.0421	3	39	167
C22L	0.3385	-0.0096	3	13	18
C22N	1.2533	0.3088	5	11	16
C22Q	1.3843	0.3659	5	6	7
C23B	0.4529	0.225	3	335	18730
C23C	0.1878	0.116	3	795	1650989
C23D	0.187	-0.0059	3	339	24494
C23E	0.3331	0.2734	3	24	51
C23F	0.2598	0.1477	3	640	376765
C23G	0.4421	0.0939	3	549	170387
C23K	0.2866	0.1602	3	22	35
C23L	0.2704	0.3046	3	35	98
C23P	0.2267	-0.115	3	5	5
C23Q	0.339	0.0905	3	14	20
C23T	0.3971	0.1618	3	4	4
C23U	0.6803	0.1522	3	4	4
C23X	0.1835	0.2257	3	44	123
C24B	0.5298	-0.2664	6	7	8
C24D	0.6102	0.1542	3	3	3
C24F	-0.047	0.609	2	9	9
C25B	0.4324	0.1832	3	585	274753
C25C	0.577	0.1511	3	473	98796
C25D	0.314	0.2226	3	648	405149
C25E	0.4005	0.2357	3	5	7
C25F	0.3273	0.0957	3	448	66084
C25G	0.4026	0.1858	3	9	13
C25K	0.5992	0.2841	3	3	3
C25L	0.7646	0.2299	3	1	1
C25P	0.3272	0.368	3	10	14
C25S	0.4375	0.3383	3	1	1
C25X	0.5676	0.3173	5	15	62
C26B	0.4435	-0.0523	3	19	23
C26C	0.5346	0.0962	3	18	24
C26D	0.4647	-0.0463	3	15	19
C26F	0.4206	-0.0361	3	2	3
C27B	0.4964	-0.225	3	4	4
C27C	0.826	0.3003	5	16	27
C27D	0.7028	-0.0284	3	8	9
C27F	0.28	0.3994	3	4	4
C27H	1.3056	0.2407	5	7	9
C27N	0.5617	-0.3053	3	6	6
C28B	0.3905	0.281	3	4	4
C28C	0.0319	-0.0853	6	2	2
C28D	0.5135	0.31	3	2	2
C28F	0.4409	0.0616	3	7	7
C28G	0.5218	0.1905	3	4	4
C28L	0.6968	0.0003	3	5	6
C29B	0.2646	0.0749	3	3	3
C29C	0.479	-0.3248	3	17	30
C30B	0.3355	0.4573	2	565	338480
C30C	0.358	0.3734	2	10	18
C30D	0.2566	0.648	2	2	2
C30H	1.279	0.1773	5	8	11
C30R	0.1435	0.6526	2	3	3
C31B	0.3275	0.4224	2	4	4
C32A	0.3451	0.1766	3	2	4
C32B	0.4795	-0.0825	3	18	32
C32C	-0.1027	-0.0369	3	3	4
C32D	0.3299	-0.0074	3	5	5
C32F	0.6727	-0.1442	3	1	1
C32G	0.6233	0.3999	5	2	2
C33B	0.2768	-0.0406	3	9	9
C33C	0.2503	0.2994	3	6	8
C33F	0.2034	-0.0395	3	3	3
C33G	0.6033	0.155	3	1	1
C33L	0.0845	0.7478	2	1	1
C34B	0.5	0.1889	3	8	8
C35B	0.9508	0.4359	5	2	2
C35C	0.2211	0.2767	3	4	4
C35D	0.2762	0.0483	3	3	3
C35F	0.1274	-0.1659	3	5	5
C36B	0.2869	0.5704	2	5	9
C36C	0.0475	0.6501	2	1	1
C36O	-0.0913	0.0952	3	1	1
C37B	0.4617	0.3233	5	2	2
C37D	1.2695	0.0979	5	4	4
C38F	0.8369	0.125	3	2	2
C39B	0.665	0.0908	3	22	57
C40A	0.5764	0.039	3	7	13
C40B	0.9143	0.3189	5	359	214819
C40C	0.7771	0.2408	3	3	7
C41F	-1.4989	0.0211	7	1	1
C41J	-0.1499	0.5795	2	2	2
C42N	1.5183	0.3215	5	3	3
C43B	0.3417	0.2002	3	2	2
C43C	0.2611	-0.2505	3	7	7
C45D	-0.0358	-0.8006	4	2	2
C47L	0.0656	-0.9806	4	1	1
C48A	0.6049	0.2701	3	4	8
C48B	0.2689	0.189	3	1	2
C48D	0.6049	0.0484	3	5	6
C50B	0.2568	0.6478	2	2	2
C56C	0.2689	0.1888	3	1	1
C60Q	-0.9766	-0.0077	1	3	4
C61B	0.3139	-0.1341	3	5	5
C61F	1.1327	0.0693	5	4	4
C61J	0.2718	-0.3513	4	2	2
C61K	1.3341	0.2405	5	26	124
C61N	1.5014	0.3087	5	1	1
C61P	1.4789	0.2501	5	5	7
C62F	0.1815	0.364	3	3	3
C64B	0.0425	0.4267	3	3	3
C65D	0.0849	-0.466	4	1	1
C65G	0.2267	0.3636	3	3	3
C66C	-0.9928	-0.533	1	2	2
C67C	1.3829	0.2278	5	4	4
C67D	1.3947	0.1895	5	3	4
C67H	1.509	0.2966	5	4	4
C68K	0.468	0.2644	3	3	3
C68L	1.0374	-0.0944	5	4	4
C69K	0.6321	-0.0126	3	1	1
C70C	1.2869	0.2082	5	1	1
C70D	1.3947	0.2562	5	6	13
C70H	1.3622	0.3024	5	9	15
C78C	-0.0113	-0.036	7	1	2
C78E	0.8939	0.2068	5	3	3
C80B	0.3793	-0.033	3	1	2
C80F	1.2749	0.1458	5	6	6
C81J	0.7563	-0.0519	3	1	1
C82C	1.4775	0.1924	5	4	4
C85B	0.7748	-0.1893	3	5	6
C85C	0.764	-0.1897	3	5	12
C86G	0.9299	0.0983	3	5	5
C89B	1.4044	-0.3122	5	2	2
C90J	0.4187	0.1524	3	8	8
C92F	0.5519	-0.0426	3	5	5
C93B	0.4128	0.2113	3	1	1
C96B	0.5384	0.0255	3	3	3
C97C	1.058	0.1283	5	9	12
C97D	1.4189	0.2285	5	6	21
C97H	1.4893	0.3241	5	4	6
C97K	1.3023	0.3157	5	9	23
C98L	0.882	0.0929	5	11	11
C99J	0.3735	-0.3086	3	3	3
C99Z	1.0771	0.0649	5	64	419
D00H	0.9994	-0.5712	3	1	1
D01A	0.6291	0.4863	5	1	1
D01B	0.6472	-0.3876	3	347	15295
D01C	0.798	-0.2791	3	301	13006
D01D	0.7396	-0.3699	3	571	283686
D01E	0.8603	-0.4625	3	3	4
D01F	0.729	-0.308	3	629	587538
D01G	0.5658	-0.5356	3	465	55051
D01H	0.5275	-0.5768	3	521	89009
D01J	0.807	-0.139	3	20	25
D01K	0.5243	-0.6923	3	7	7
D01L	0.96	-0.1393	5	13	22
D01M	0.7726	-0.414	3	14	19
D01N	0.7026	-0.2019	5	18	21
D01P	0.7526	-0.0582	3	8	9
D01Q	0.6509	-0.0252	3	2	2
D01R	0.8636	-0.1026	3	11	11
D01T	0.9548	-0.4979	3	1	1
D02A	0.6073	-0.3242	3	7	7
D02B	0.7216	-0.3247	3	14	15
D02C	0.5946	-0.5703	3	31	104
D02D	0.6376	-0.8626	3	71	351
D02E	0.3194	-0.3408	3	5	5
D02F	0.4248	-0.5148	3	38	131
D02G	0.6261	-0.4827	3	575	229705
D02H	0.4943	-0.6162	3	206	11912
D02J	0.6	-0.4189	3	466	87298
D02K	1.4506	0.2048	5	1	1
D02L	0.0364	-0.3226	3	1	1
D02M	0.4764	-0.2102	3	6	6
D02O	0.9467	-0.4196	3	1	1
D02P	0.8148	-0.6471	3	1	1
D02Q	0.7919	-0.6686	3	4	8
D03A	0.6821	-0.8396	3	1	1
D03B	0.263	-0.456	3	26	36
D03C	0.401	-0.5854	3	300	16400
D03D	0.527	-0.6355	3	622	306207
D03F	0.3474	-0.5642	3	24	35
D03G	0.6393	-0.3474	3	17	22
D03H	0.6973	-0.4388	3	10	11
D03J	0.8384	-1.1119	3	318	25790
D03K	0.6102	-0.7136	3	17	39
D03M	-0.2733	0.9546	2	7	7
D03O	1.0033	-1.3438	3	1	1
D04A	0.4448	-0.3094	3	3	3
D04B	0.5145	-0.8052	3	548	151849
D04C	0.3017	-0.6902	3	418	27681
D04D	0.1915	-0.3768	3	318	17154
D04F	0.4709	-0.5522	3	26	49
D04G	0.5735	-0.7344	3	245	7380
D04H	0.4247	-0.3656	3	651	500102
D04J	0.4769	-0.4921	3	19	37
D04K	-0.1108	-0.6976	3	2	2
D04L	0.3982	-0.9228	3	1	1
D04M	0.4492	-0.4863	3	16	34
D04N	0.5881	-0.3914	3	9	15
D04R	0.6112	-0.498	3	1	1
D05B	0.3339	-0.6241	3	515	66736
D05C	0.4018	-0.5888	3	379	38754
D05D	0.1034	-0.0535	3	31	41
D05E	0.5938	-0.4754	3	7	7
D05F	-0.2776	-0.3984	1	13	14
D05G	0.6469	-0.6503	3	3	3
D05H	0.5553	-0.5623	3	3	4
D05J	0.4435	-0.8442	3	1	1
D05L	0.4879	-0.8206	3	2	2
D05M	1.0816	-0.1366	3	18	23
D06B	0.5954	-0.3813	3	547	173985
D06C	0.5095	-0.4428	3	514	152587
D06D	0.6709	-0.2168	3	23	40
D06E	0.3811	-0.17	3	13	13
D06F	0.2042	-0.5139	4	644	219564
D06G	0.3983	-0.6403	3	279	25768
D06H	0.3238	-0.4614	3	457	88473
D06I	1.3329	0.1079	5	2	4
D06J	0.3746	-0.5469	3	163	5629
D06K	0.6208	-0.2679	3	26	41
D06L	0.9817	0.0055	5	430	128763
D06M	0.7656	-0.1645	3	668	708103
D06N	0.4495	-0.3544	3	539	223116
D06O	0.8926	-0.3766	3	2	2
D06P	0.9481	-0.0228	3	533	295773
D06Q	0.4201	-0.2775	3	346	36215
D06R	1.0947	-0.1237	3	7	16
D06S	0.2966	-0.9227	4	2	2
D06T	1.1995	-0.0378	3	1	1
D06X	0.6568	-0.4754	4	2	2
D07A	0.7922	-1.0874	3	1	1
D07B	0.1517	-0.5151	3	502	70308
D07C	1.261	0.1617	5	8	10
D07D	1.3475	0.1825	5	6	22
D07F	0.5352	-0.0861	3	14	15
D07G	0.7084	-0.1784	3	13	23
D07H	0.5682	-0.1594	3	14	15
D07J	-0.12	-0.6692	3	2	2
D07L	1.153	0.1135	5	1	1
D07M	1.0454	0.0183	3	5	5
D07N	0.3919	-0.0245	3	7	7
D07P	1.1072	-0.1446	3	6	7
D08B	-0.0894	0.1449	2	8	8
D08C	0.7331	-0.5652	3	2	2
D08D	0.2849	-0.7217	4	1	1
D08F	0.285	-0.7214	4	1	1
D08G	0.7555	-0.2028	3	6	6
D08H	0.4858	-0.4785	3	3	3
D08K	1.0782	-0.0017	5	6	8
D08L	0.9398	-0.2556	3	3	3
D08M	1.0737	-0.069	3	4	9
D08P	1.0975	-0.1333	3	2	2
D09B	1.2187	0.0071	3	2	3
D09D	0.5939	-0.0475	3	3	3
D09F	-0.1238	-0.0598	4	2	2
D09P	1.2557	0.0965	3	1	1
D10D	0.9714	-0.0106	3	4	4
D10H	0.6881	-0.7703	3	1	1
D11C	-0.3411	1.067	2	4	4
D11D	0.6517	0.4487	2	4	5
D11F	0.5177	0.1602	3	3	3
D11H	0.4342	-0.4094	3	4	4
D12C	0.9227	-0.1634	3	8	9
D12D	0.7581	-0.4933	3	2	2
D12F	0.4882	-0.6306	3	6	12
D12G	0.5711	-0.596	3	2	3
D12H	0.6973	-0.2136	3	9	11
D12N	1.3899	0.2264	5	6	6
D16C	-0.9981	-0.2748	1	3	3
D16K	-1.0812	-0.2112	1	4	4
D16L	-0.6433	-0.2721	1	1	1
D21B	0.7823	-0.4312	3	403	65699
D21C	0.8654	-0.2013	3	487	154311
D21D	0.6571	-0.3942	3	379	59322
D21E	0.5227	-0.5067	3	9	14
D21F	0.3771	-0.4433	3	568	168310
D21G	0.4161	-0.438	3	380	65192
D21H	0.6018	-0.2185	3	643	562484
D21J	0.4274	-0.4738	3	394	35736
D21K	0.4263	-0.222	3	5	5
D21L	1.213	-0.0246	5	3	3
D21M	0.7509	-0.1238	3	11	19
D21P	0.6374	-0.4991	3	3	3
D21S	0.5934	-0.375	3	1	1
D21V	-0.646	0.399	2	2	2
D23B	0.5679	-0.5835	6	2	2
D23C	1.1811	-0.3405	5	2	2
D23D	-0.021	-0.7214	6	6	6
D23F	0.6418	-0.4867	3	2	7
D23G	0.5911	-0.0721	3	2	2
D23H	0.3862	-0.5434	3	2	2
D23J	1.0036	-1.3437	3	1	1
D23K	-0.1303	0.0758	2	8	9
D23L	1.4626	0.1122	5	6	6
D23N	0.996	-0.4845	5	1	1
D23Q	-0.2994	-0.619	6	3	3
D24B	0.2264	-0.5411	6	1	1
D24C	0.3442	-0.7086	4	2	2
D24D	0.4218	-0.3975	6	3	4
D24F	-0.7475	-0.3638	1	2	2
D24H	0.4197	-0.5286	3	3	3
D25A	0.6505	-1.0353	3	1	7
D25B	-0.4074	0.1327	2	6	9
D25C	-0.5044	-0.7805	6	1	1
D25D	-0.0111	-0.1256	3	2	2
D25E	0.7284	-0.9496	3	1	1
D25F	0.4314	-0.0464	4	7	7
D26B	0.3293	-0.2637	3	6	7
D26D	-0.0305	-0.1669	6	9	18
D27B	0.7104	-0.5631	3	3	3
D27F	-0.116	-0.9264	6	3	3
D27J	0.4493	-0.1701	3	1	1
D27K	0.6614	-0.0661	3	5	5
D27N	0.5923	-0.6015	3	1	1
D28B	0.0924	-0.4815	3	1	1
D28D	0.4698	-0.2407	3	4	4
D29A	0.8147	-0.6473	3	1	1
D29B	0.9468	-0.4199	3	1	1
D29C	0.1947	-0.3563	3	17	20
D29D	0.5565	-0.2813	3	13	13
D29F	0.2847	-0.7214	4	1	1
D30B	-0.2073	-0.5714	6	2	2
D31B	0.3381	-0.5684	4	2	2
D31E	0.0844	-0.467	4	1	1
D32B	0.3275	-0.2822	3	15	15
D40D	0.1968	-0.3932	3	2	2
D41B	0.6889	-1.0054	4	2	2
D41J	0.0832	0.4139	2	2	4
D41N	0.5701	0.2949	3	2	2
D43D	0.1542	-0.5864	3	7	7
D43K	-0.0936	-0.8073	4	1	2
D43N	0.0996	-0.3846	4	2	2
D44C	-0.024	0.8648	2	2	2
D45D	-0.769	-0.9117	4	1	1
D46B	0.2566	-0.836	4	2	2
D47J	0.4342	-0.5525	4	2	2
D52A	0.234	-0.6873	3	4	4
D55A	0.843	-0.5508	3	5	8
D55B	0.9808	-0.2846	3	15	51
D55C	0.7623	-0.4618	3	12	25
D55D	0.2664	-0.5209	3	18	42
D55E	0.3783	-0.4802	3	7	9
D55F	0.7056	-0.3218	3	5	8
D60F	-0.0875	-0.3372	4	4	6
D60L	-1.0998	-0.5156	1	1	1
D60M	0.9216	-0.1206	3	11	17
D60P	0.9408	-0.0359	3	13	14
D60Q	-1.0559	0.0872	1	6	6
D60R	-0.9542	-0.0895	1	1	1
D60S	-1.1635	-0.2623	1	1	1
D61B	0.2418	0.1759	4	8	8
D61D	-0.9651	-0.4675	1	1	1
D61G	-1.1	-0.5151	1	1	1
D61H	0.4788	-0.6259	3	2	2
D61K	1.5259	0.2109	5	12	18
D61L	-1.0371	-0.5386	1	1	1
D61N	0.4018	0.4131	4	1	1
D62C	0.7382	-0.7174	3	1	1
D62D	-0.8881	-0.1005	1	7	10
D62F	0.5106	-0.2287	4	5	5
D63B	-0.3238	-0.4084	1	3	3
D63D	0.1771	0.6301	5	2	2
D63F	-0.4345	0.6343	2	1	2
D63G	-0.7205	-0.1735	1	3	3
D63H	-1.1446	-0.3285	1	1	1
D64B	0.6507	-1.0351	3	1	1
D64C	-0.9882	-0.2781	1	1	1
D64D	-0.5225	-0.3696	1	5	5
D64H	-0.1199	-0.6507	4	3	3
D65B	0.531	-0.2255	4	3	4
D65D	0.3832	-0.2935	4	12	16
D65F	0.2666	-0.5784	4	5	7
D65G	-0.0175	-0.3333	4	2	3
D65H	0.5249	-0.4143	5	2	2
D66B	-0.9492	-0.3429	1	1	2
D66F	-1.0374	-0.5382	1	1	1
D66P	1.2282	0.0294	3	2	2
D67B	0.1299	-0.5801	4	3	3
D73B	0.2151	-0.7262	3	1	1
D85B	0.4435	-0.844	3	1	1
D86G	1.0034	-1.344	3	1	1
D96M	1.0763	-0.0585	5	2	2
D99Z	0.3484	-0.0811	3	20	26
E00D	0.0936	-0.2956	3	3	3
E01B	-0.3978	-0.1658	1	515	94383
E01C	-0.1976	-0.2998	1	604	302875
E01D	-0.5589	-0.6282	1	467	154949
E01E	-0.4065	-0.297	1	10	15
E01F	-0.2933	-0.1242	1	553	245821
E01G	-0.6539	-0.5047	1	156	3751
E01H	-0.329	-0.5005	1	515	101465
E01J	0.1155	0.5961	2	9	11
E01K	-0.4611	-0.2956	1	7	9
E01L	-0.1058	-0.1941	1	15	19
E01N	0.3051	0.3225	5	19	26
E01O	-0.7165	-0.8389	1	1	1
E01P	-0.8745	-0.3569	1	6	7
E01R	-0.5265	1.1257	2	3	3
E01S	-0.444	-0.4981	1	2	2
E02A	-0.4609	-0.5942	1	1	1
E02B	-0.2979	-0.2398	1	614	311199
E02C	-0.5645	-0.2714	1	182	3022
E02D	-0.3455	-0.4147	1	645	526669
E02E	-0.9165	-0.2235	1	1	2
E02F	-0.6896	-0.1737	1	588	317788
E02G	-0.6389	-0.4391	1	7	10
E02H	-0.536	0.0191	1	10	11
E02I	-0.777	0.137	1	2	2
E02K	-0.6017	-0.0963	7	2	2
E02L	-1.028	0.2061	1	2	2
E02M	-1.2311	-0.159	1	3	7
E02N	-0.7666	-0.3099	1	6	6
E02O	-0.4851	-0.4557	1	5	7
E02P	-1.0312	0.1493	1	8	9
E03A	-0.1897	-0.9296	4	1	1
E03B	-0.2912	-0.3702	1	560	210596
E03C	-0.2935	-0.5937	1	516	184822
E03D	-0.1509	-0.6839	4	479	106786
E03E	-0.1538	-0.5738	1	5	8
E03F	-0.2772	-0.414	1	516	234419
E03G	-0.2892	-0.0432	4	5	5
E03H	-0.3138	-0.0678	1	5	5
E03J	-0.6282	0.3571	2	5	5
E03L	-0.2612	-0.5755	1	4	5
E03R	-0.379	-0.6569	1	3	3
E04A	-0.5441	-0.5711	1	5	7
E04B	-0.3103	-0.3713	1	713	1188312
E04C	-0.1793	-0.4175	1	651	594617
E04D	-0.2685	-0.497	1	580	297999
E04E	-0.1303	-0.4875	1	20	36
E04F	-0.2822	-0.3921	1	658	626628
E04G	-0.4043	-0.4659	1	628	489193
E04H	-0.4063	-0.3224	1	700	734511
E04I	-0.2996	-0.4633	1	8	9
E04J	-0.2559	-0.543	1	9	9
E04K	-0.3669	-0.3623	1	4	8
E04L	-0.3225	-0.4923	1	20	37
E04M	-0.5291	-0.3114	1	9	14
E04N	0.1176	-0.3312	3	3	4
E04O	-0.1342	-0.2185	1	8	10
E04P	-0.4874	-0.5482	1	10	13
E04Q	-0.5934	1.1547	2	4	4
E04R	-0.7527	-0.5398	1	4	4
E05B	-0.6714	-0.2498	1	633	439938
E05C	-0.6377	-0.2006	1	547	204857
E05D	-0.7469	-0.4121	1	575	253900
E05E	-0.7339	-0.0669	1	11	12
E05F	-0.7031	-0.2599	1	576	337092
E05G	-0.402	0.0511	2	353	34448
E05H	-0.5295	0.0558	2	6	6
E05K	-0.1711	0.4872	2	1	1
E05L	-0.8046	-0.2708	1	6	19
E05M	0.0882	-0.0645	4	4	4
E05S	-0.5958	0.4183	2	5	5
E06A	-0.908	-0.6913	1	1	1
E06B	-0.7064	-0.5177	1	674	626038
E06C	-0.4205	-0.3944	1	448	43720
E06D	-0.7249	-0.5542	1	13	27
E06E	-0.908	-0.6908	1	1	3
E06F	-0.3685	0.1201	2	26	47
E06G	-0.5428	-0.5274	1	14	23
E06H	-0.554	-0.4149	1	6	7
E06K	-0.3072	0.6358	2	13	14
E06L	-0.6718	-0.6191	1	2	2
E06M	-0.9003	-0.5232	1	2	2
E06N	-0.9379	-0.6234	1	2	2
E06V	-0.7506	-0.9517	1	1	1
E07B	0.5249	0.0194	5	2	2
E07C	1.4922	0.2504	5	2	5
E07D	0.8392	0.0647	5	9	12
E07E	1.4585	0.2438	5	2	2
E07G	-0.5969	-0.72	1	2	3
E07K	1.1771	0.2899	5	5	5
E08B	-0.3545	-0.2256	1	20	23
E08C	-0.811	-0.0381	1	4	4
E08D	-0.7778	-0.6466	1	2	3
E08F	0.7816	0.0911	3	4	5
E08L	0.7463	0.0108	3	3	4
E09B	0.0095	0.1167	2	25	26
E09C	-0.6552	-0.4294	1	8	9
E09D	0.1208	-0.1062	3	10	10
E09F	-0.1703	0.1676	2	5	6
E09G	-0.2841	0.7818	2	9	18
E09H	0.3543	-0.2579	5	10	10
E09J	0.7563	-0.0517	3	1	1
E10C	-0.1558	-0.4539	1	4	4
E10D	-0.7605	0.3005	2	3	3
E10F	-0.1091	-0.2096	1	2	4
E10G	0.4376	-0.0754	3	7	8
E10K	0.6558	0.0391	3	1	1
E10L	-0.3522	0.7199	2	4	4
E11B	-0.4044	-0.3261	1	2	2
E11C	-0.3584	1.2742	2	1	1
E11D	1.1809	0.1242	5	4	5
E12B	-0.4016	0.2699	2	15	26
E12D	-0.7016	-0.5435	1	4	5
E12F	-0.9163	-0.2236	1	1	1
E12M	0.4967	0.213	3	6	6
E12N	1.3966	0.2944	5	6	8
E12P	1.5096	0.2741	5	9	10
E12Q	1.0472	0.4765	5	6	6
E13D	0.449	-0.1704	3	1	2
E14B	-0.4155	-0.5349	1	1	1
E15B	-0.9183	-0.3573	1	2	3
E15F	-0.7768	-0.4626	1	3	3
E16B	-0.4514	-0.4697	1	8	12
E16C	-0.5909	-0.4789	1	13	17
E16D	-0.0949	-0.2581	3	6	13
E16F	-0.8552	-0.3793	1	5	7
E16G	-0.0878	-0.307	3	2	2
E16H	-0.7441	-0.2559	1	9	16
E16J	-0.5529	-0.0292	1	7	8
E16K	-0.5454	-0.1699	1	11	16
E16L	-0.335	-0.4609	1	12	24
E16M	-0.4562	-0.4798	4	3	3
E16N	-0.575	-0.6769	1	1	2
E16P	-0.234	-0.6554	6	1	1
E16S	-0.9078	-0.6912	1	1	1
E17B	-0.5683	-0.2436	1	2	2
E17C	-0.0775	-0.3228	1	3	4
E17D	-0.4288	-0.634	1	3	3
E19B	-0.4323	-0.7065	1	1	1
E20B	-0.3957	-0.3748	1	7	7
E20D	-0.1821	-0.466	1	5	6
E20F	-0.8365	-0.6437	1	1	1
E21B	-0.3552	-0.0762	1	694	653034
E21C	-0.5702	-0.2172	1	501	111708
E21D	-0.6435	-0.474	1	551	201282
E21E	-0.5224	-0.0992	1	11	16
E21F	-0.4757	-0.1809	1	534	142683
E21H	-0.0677	0.4627	2	5	5
E21I	0.0981	-0.0221	3	2	2
E21J	-0.4842	-0.0885	1	1	1
E21K	0.2964	0.6447	2	1	1
E21L	-0.3142	-0.2527	1	6	7
E21M	-0.5856	0.0798	1	2	2
E21O	-0.8365	-0.6433	1	1	1
E21P	-0.484	-0.0893	1	1	1
E21Q	-0.7807	0.4178	2	5	5
E21R	-0.6216	-0.2483	1	4	6
E21S	-0.8368	-0.6436	1	1	1
E21T	-0.4483	-0.6453	1	2	2
E21V	-0.4272	0.1364	2	11	18
E22B	0.1155	-0.2911	1	8	8
E22C	-0.4604	-0.5939	1	1	1
E22D	-0.4605	-0.5943	1	1	1
E22F	0.3374	0.0734	3	1	1
E23B	-0.4417	-0.352	1	4	5
E23C	-0.1321	0.2632	2	3	3
E23D	-0.3534	-0.1275	2	7	7
E23G	-0.1197	-0.247	3	10	10
E23M	-0.4419	-0.4363	1	3	3
E23P	-0.4201	-0.1058	6	2	2
E23Q	-0.293	-0.274	6	5	6
E24B	-0.5189	-0.5231	1	1	1
E24D	-0.5074	-0.5115	1	2	3
E24E	-0.6719	-0.0067	1	1	1
E24F	-0.5274	-0.4177	1	10	18
E24H	-0.5044	-0.5679	1	4	4
E24J	0.1556	-0.3392	1	8	8
E25B	-0.1966	-0.1509	1	14	17
E25C	-0.4244	-0.4175	1	5	6
E25D	-0.1907	0.2287	2	5	5
E25J	0.4869	-0.08	3	3	3
E26B	0.0494	-0.3444	4	4	4
E27B	-0.0301	-0.0205	3	8	12
E27C	-0.3546	-0.535	6	2	2
E27E	-0.1462	-1.0367	6	1	1
E27F	-0.0338	-0.7818	6	4	4
E28B	0.1226	-0.2706	3	6	8
E28C	0.0437	-0.2367	3	3	3
E28D	-0.2987	-0.1843	1	7	10
E28E	-0.1241	-0.4279	1	6	7
E28F	-0.2808	0.2063	1	4	4
E29C	0.0633	-0.4429	3	4	5
E29D	-0.414	-0.5957	1	2	2
E29H	0.2532	-0.3788	3	1	1
E30B	0.2362	0.4223	2	4	4
E31B	-0.4843	-0.0892	1	1	1
E31C	-0.7651	-0.2953	1	1	2
E31D	0.2711	-0.7958	6	1	1
E32B	0.3815	0.0121	3	9	9
E37A	-0.4767	-0.4366	1	5	11
E37B	-0.1797	-0.5759	1	7	16
E37C	-0.3475	-0.6495	1	4	7
E37D	-0.4482	-0.5433	1	4	9
E37E	-0.1731	-0.6538	3	3	3
E37F	-0.4789	-0.424	1	12	19
E37G	-0.7349	-0.6612	1	4	13
E40H	-0.4876	-0.1343	6	1	1
E41A	-1.4987	0.021	7	1	3
E41B	-0.3587	0.1912	1	4	4
E41C	-0.7037	-0.0788	1	2	2
E41F	-0.2757	-0.2641	1	3	3
E41G	-0.8961	0.2122	7	1	2
E41H	-0.6702	0.0441	7	1	2
E41J	-0.1173	0.8212	2	6	6
E41M	0.2935	0.1492	2	4	4
E42B	0.1661	0.0459	7	6	14
E42C	-1.2309	0.1346	7	2	3
E44B	0.1048	-0.5373	3	3	3
E45D	-0.5675	-0.1103	1	4	4
E45F	-0.5486	-0.4583	1	1	1
E46B	-0.7689	-0.9118	4	1	1
E47B	-0.5572	-0.57	1	4	4
E47G	-0.3347	-0.5451	4	4	4
E47K	0.0774	-1.1165	4	2	3
E49B	-0.0356	-0.0942	1	3	3
E50D	-0.9491	-0.4563	1	2	2
E60B	-1.1524	-0.5134	1	1	1
E60H	-0.733	-0.5821	1	1	1
E60J	-1.0311	-0.6041	1	2	2
E60K	-0.7054	0.3639	1	2	2
E60R	-0.2607	-0.6203	4	2	2
E60T	-1.0154	-0.1177	1	2	3
E61B	-0.5411	0.279	1	3	4
E61J	-0.6854	-0.1166	1	2	2
E61K	-0.6438	0.0054	1	3	3
E62D	-0.1699	-0.2152	1	7	8
E62H	-0.9931	-0.1467	1	4	4
E63B	-0.6815	-0.4695	1	5	6
E63C	-0.5966	-0.543	1	7	8
E63D	-0.2884	-0.5082	4	2	2
E63G	-0.5236	-0.0411	4	2	2
E63H	-0.9039	-0.3653	1	2	2
E64B	-0.3519	-0.7056	1	1	1
E64F	-0.4686	-0.3882	1	3	3
E64G	-0.5347	-0.6567	1	1	1
E65B	-0.8894	-0.3377	1	1	1
E65C	-0.5188	-0.5038	1	2	3
E65D	-0.2894	-0.1091	4	11	14
E65E	0.7366	-0.1785	3	3	5
E65G	-0.3736	-0.1186	4	7	9
E68A	-0.8895	-0.3374	1	1	1
E68B	-0.8605	-0.2842	1	2	4
E68C	-0.9675	-0.5544	1	1	3
E68D	-0.9226	-0.4714	1	2	3
E71B	-0.4839	-0.0888	1	1	1
E85F	0.0267	-0.3688	3	3	3
E91B	-0.4847	-0.0887	1	1	1
E94F	-0.1556	-0.2636	4	1	1
E94H	-0.6442	-0.2132	1	2	2
E95B	-0.6804	-0.4009	1	4	4
E99Z	-0.3414	-0.1704	1	45	61
F00B	-1.0132	-0.1809	1	7	9
F00D	-1.2777	-0.1037	1	1	5
F00L	-1.188	-0.2215	1	2	2
F00M	-0.9639	-0.0126	1	7	10
F00N	-1.2708	-0.1017	1	4	4
F00P	-1.3678	-0.0074	1	2	2
F00X	0.2104	-0.4614	6	3	6
F01B	-0.758	-0.2205	1	503	94483
F01C	-0.8564	-0.3571	1	427	97531
F01D	-0.72	-0.232	1	616	477284
F01F	-0.676	-0.0612	1	36	72
F01G	-1.0155	-0.2684	1	9	13
F01H	-0.4634	-0.2385	1	18	28
F01J	-0.4509	0.0359	1	25	31
F01K	-0.3823	-0.2195	1	482	181393
F01L	-0.9602	-0.1768	1	481	190815
F01M	-0.5338	-0.2504	1	443	180694
F01N	-0.6232	-0.2429	1	587	508014
F01O	-0.9512	-0.3081	1	1	4
F01P	-0.8536	-0.2177	1	482	227139
F01Q	-0.9512	-0.3079	1	1	1
F01R	-0.256	0.1727	1	13	16
F01T	0.256	0.8155	2	1	1
F01V	-0.3006	0.7484	2	2	2
F01W	-0.98	-0.1563	1	5	6
F01X	-0.8265	-0.2462	1	15	52
F02B	-0.8827	-0.1775	1	663	880552
F02C	-0.7494	-0.2129	1	548	398336
F02D	-1.003	-0.0889	1	598	853985
F02E	-1.1202	-0.3068	1	2	2
F02F	-0.7766	-0.2153	1	473	268349
F02G	-0.5815	-0.1744	1	449	87500
F02H	-0.8467	-0.0697	1	32	61
F02J	-0.7326	-0.1238	1	14	14
F02K	-0.8688	-0.1247	1	473	109628
F02L	-0.7877	-0.2105	1	29	51
F02M	-0.9442	-0.2062	1	648	693547
F02N	-0.9568	-0.1047	1	425	133877
F02O	-1.0729	-0.191	1	8	11
F02P	-1.174	0.0617	1	457	169565
F02Q	-1.1127	-0.0294	1	3	3
F02R	-0.8526	-0.0626	1	20	37
F02T	-1.1846	-0.0358	1	3	3
F02U	-0.633	-0.2444	1	3	3
F02V	-0.8875	-0.363	1	5	5
F02W	-1.1697	0.4104	1	2	2
F02X	-1.2458	-0.1815	1	2	2
F03B	-0.7286	-0.2288	1	513	111459
F03C	-0.8021	-0.265	1	378	52359
F03D	-0.7419	-0.1079	1	540	196844
F03E	-0.453	-0.0244	1	6	6
F03F	-0.2228	0.2632	2	9	10
F03G	-0.5245	-0.0824	1	547	110556
F03H	-0.3711	0.2802	2	270	9678
F03K	-0.8835	-0.0642	1	4	4
F03M	-0.97	-0.1268	1	7	13
F03N	-1.246	-0.1813	1	2	2
F03O	-1.0272	-0.1316	1	7	9
F03P	-0.9479	0.0176	1	2	2
F03S	-0.936	-0.5067	1	2	2
F04A	-0.8903	-0.3151	1	1	1
F04B	-0.6712	-0.235	1	697	582557
F04C	-0.6622	-0.2643	1	559	212472
F04D	-0.7429	-0.2238	1	676	490185
F04E	-0.4586	-0.3678	1	6	6
F04F	-0.429	-0.2869	1	497	57549
F04G	-0.5477	-0.2634	1	50	93
F04H	-0.5221	-0.3769	1	52	118
F04J	-0.3755	-0.1779	1	2	2
F04K	-1.1892	-0.2427	1	2	2
F04L	-0.4311	0.695	2	7	7
F04M	-1.0578	-0.2866	1	2	2
F04N	-0.897	-0.25	1	7	7
F04O	-0.9797	-0.2945	1	1	1
F04P	-0.9893	-0.2875	1	6	8
F04R	-0.7037	-0.0347	1	7	7
F04T	-0.8902	-0.315	1	1	1
F04W	-0.9798	-0.2948	1	1	2
F05B	-0.729	-0.2993	1	52	140
F05C	-0.7748	-0.3022	1	42	97
F05D	-0.7909	-0.2884	1	28	41
F05E	-0.8264	-0.3998	1	3	4
F05F	-0.7997	-0.2804	1	15	20
F05G	-0.6048	-0.2327	1	41	80
F05L	-0.3739	0.0697	1	4	4
F05O	-0.8901	-0.3154	1	1	1
F06A	-0.0125	-0.3071	3	7	7
F06B	-0.4388	-0.3717	1	91	264
F06C	-0.4791	-0.3997	1	64	177
F06D	-0.7095	-0.3573	1	98	342
F06E	-0.5474	-0.4037	1	7	9
F06F	-0.6506	-0.0476	1	72	144
F06G	-0.3739	-0.4785	1	45	90
F06H	-0.6083	-0.3507	1	62	168
F06J	-0.6622	-0.3748	1	22	43
F06K	-0.494	-0.3191	1	77	302
F06L	-0.3707	-0.4527	1	64	198
F06M	-0.6042	-0.1015	1	13	13
F06N	-0.5433	-0.4797	1	29	57
F06P	-0.2967	-0.4695	1	10	12
F06Q	0.6599	-0.3802	3	3	3
F06R	-0.7633	-0.186	1	7	7
F06T	-0.724	-0.1087	1	3	6
F06V	-0.2025	0.734	2	1	1
F07B	-1.0429	-0.1863	1	11	22
F07C	-0.6089	0.0926	7	19	22
F07D	-0.4657	0.2244	7	18	26
F07F	-0.7441	-0.0156	7	33	90
F07G	-1.0027	0.2223	7	3	8
F07H	-0.7196	0.1661	7	10	20
F07J	-0.6479	-0.1549	7	17	25
F07K	-1.2961	-0.0281	7	7	22
F07L	-1.0032	0.0631	7	11	24
F07M	-1.2126	-0.2608	1	1	1
F07N	-0.6649	0.0187	1	5	5
F07P	-1.1207	-0.294	1	5	8
F08B	-0.1632	-0.4908	1	4	4
F08C	-1.1127	-0.2632	1	3	3
F08F	-1.179	-0.2422	1	2	2
F08J	0.3695	-0.1964	3	2	2
F08K	1.394	0.1361	5	3	3
F08M	-0.7903	-0.1706	1	4	4
F09B	-0.5519	-0.2003	1	25	53
F09D	-0.4263	-0.2207	3	2	2
F09F	-0.4559	0.9138	2	1	1
F09G	-0.1281	0.8869	2	3	3
F09K	0.4392	0.2862	3	4	4
F09L	-0.7478	-0.0708	1	3	3
F09M	-1.231	-0.2208	1	1	1
F10B	0.057	-0.2192	4	3	3
F10C	-0.4524	-0.5435	1	6	7
F10D	-0.9327	-0.3495	1	5	13
F10F	-0.9097	-0.3657	1	2	4
F10H	-0.9201	-0.3286	1	6	6
F10J	-0.7046	-0.4331	1	1	1
F10K	-0.6031	-0.1714	1	4	7
F10L	-0.7768	-0.1255	1	11	15
F10M	0.1394	-0.2945	4	6	6
F10N	-0.6333	-0.2251	1	11	14
F10P	-1.156	-0.2547	1	3	3
F10S	-0.3741	-0.5431	1	4	4
F10X	-0.995	-0.2516	1	6	17
F11B	-0.4637	0.7768	2	3	6
F11C	-0.4681	0.1595	2	1	1
F11D	0.3172	0.1609	5	10	10
F11G	0.1134	-0.4619	1	3	4
F11M	-0.5864	0.0479	1	6	11
F11S	-0.4473	0.0934	2	3	3
F12B	-0.6518	-0.3196	1	14	15
F12C	0.2529	-0.1293	3	4	4
F12F	-0.8969	-0.3576	1	1	1
F12G	-0.0587	-0.5183	1	2	2
F12K	-0.8324	-0.245	1	3	3
F12L	-0.4229	0.1356	2	3	3
F12M	-0.6524	-0.052	1	5	5
F12N	1.271	0.3931	5	4	8
F12P	0.383	0.4437	2	5	5
F12V	-0.3184	0.5125	2	18	48
F13B	-0.7197	-0.2723	1	2	2
F13C	0.0845	-0.4662	4	1	1
F13D	-0.7025	0.3181	2	4	4
F13K	0.0858	-0.3846	4	2	2
F13L	0.3614	-0.0364	4	1	1
F14A	-1.4879	-0.0474	7	3	6
F14B	-0.8803	0.0119	7	4	5
F14C	-1.3748	-0.0951	7	4	4
F14D	-0.5551	-0.0177	1	2	2
F14F	-1.3216	-0.0922	7	6	6
F14G	-0.3763	0.5038	2	2	3
F14H	-0.5138	-0.2152	7	3	5
F14J	-0.7534	-0.3084	1	6	6
F14K	-0.8302	-0.3304	1	1	1
F14L	-0.5182	-0.5236	1	1	1
F14M	-0.5653	-0.4794	1	4	4
F15B	-0.6826	-0.2684	1	659	432547
F15C	-0.4296	-0.0226	1	443	39446
F15D	-0.5747	-0.1799	1	478	45004
F15F	-0.8006	-0.3891	1	5	6
F15G	0.5565	-0.8375	4	2	2
F15H	-0.3342	-0.3309	1	14	20
F15J	-0.2234	-0.2529	1	13	20
F15K	-0.8192	-0.2182	1	4	8
F15L	-0.3626	-0.0034	1	10	15
F15N	0.0607	-0.8839	3	2	2
F15S	-0.2134	-0.5372	6	6	6
F16A	-0.9131	-0.2734	1	11	16
F16B	-0.3498	-0.3219	1	730	832248
F16C	-0.3769	-0.2749	1	689	790554
F16D	-0.857	-0.3913	1	717	673472
F16E	-0.5027	-0.2058	1	13	14
F16F	-0.6782	-0.2634	1	692	837211
F16G	-0.3047	-0.4308	1	570	139501
F16H	-0.7311	-0.3114	1	727	1025859
F16I	-0.3997	-0.349	1	27	54
F16J	-0.5261	-0.3089	1	677	533831
F16K	-0.4758	-0.1993	1	739	845371
F16L	-0.3859	-0.3662	1	765	1091345
F16M	-0.5445	-0.0001	1	660	587195
F16N	-0.436	-0.4841	1	573	150277
F16O	-0.851	-0.3552	1	6	10
F16P	-0.1798	-0.4549	6	540	60023
F16Q	-0.4448	-0.2068	1	12	15
F16R	-0.5697	-0.2218	1	18	42
F16S	-0.3385	-0.3198	1	468	57025
F16T	-0.5853	-0.0408	1	325	16089
F16U	-0.6031	-0.3534	1	4	4
F16V	-0.5044	0.021	1	18	18
F16W	-0.6761	-0.4635	1	5	8
F16X	-0.6431	-0.2725	1	1	1
F16Z	-0.5186	-0.5234	1	1	1
F17B	-0.1884	-0.2058	1	239	3854
F17C	-0.314	-0.2313	1	607	251625
F17D	-0.2841	-0.1032	1	572	147130
F17F	-1.3727	-0.6492	1	2	2
F17G	-0.1587	-0.0975	1	14	16
F17H	-0.4041	-0.6186	1	1	1
F17J	-0.4625	-0.3109	1	9	11
F17K	-0.5814	-0.1978	1	3	3
F17L	-0.5303	-0.3946	1	9	15
F17O	1.1698	0.1887	3	1	1
F17S	-0.3244	-0.5716	1	2	2
F17T	-0.7896	-0.035	1	1	1
F18B	-0.5104	-0.0484	1	2	2
F18C	-0.3308	-0.1446	1	5	7
F18D	-0.8948	-0.1822	1	6	7
F18F	-0.3925	-0.072	1	5	7
F18G	-0.42	-0.5179	1	4	5
F18H	-0.9591	-0.4216	1	1	1
F18J	-0.7046	-0.4329	1	1	1
F18K	-0.455	-0.236	1	4	8
F18L	-0.5183	-0.5229	1	1	3
F18M	-0.79	-0.5808	4	2	2
F19D	-1.0383	-0.1649	1	2	2
F19G	0.2528	-0.3968	3	2	2
F19H	-1.0257	-0.3903	1	2	3
F19L	0.0971	-0.3177	3	4	6
F20B	-0.9363	-0.1572	1	4	4
F20C	-1.1447	-0.2231	1	1	1
F20D	-1.215	-0.1542	1	3	7
F20F	-0.5814	-0.3338	1	4	5
F20K	-1.0667	0.0769	1	2	2
F20M	-1.2128	-0.2615	1	1	1
F20N	-1.2525	-0.1139	1	2	2
F20P	-1.456	0.0858	1	1	1
F21B	-0.2531	0.0053	1	85	344
F21C	-0.4516	0.1251	2	55	146
F21D	-0.4823	-0.1991	1	33	51
F21E	-0.506	0.2217	1	2	2
F21F	-0.4659	-0.1998	1	32	48
F21G	-0.5589	0.0106	1	11	14
F21H	-0.3583	0.1064	2	92	920
F21J	-0.3499	0.2923	2	17	29
F21K	-0.3831	0.3276	2	484	225117
F21L	-0.459	0.2382	2	468	118788
F21M	-0.6521	0.3457	2	332	49825
F21N	-0.6827	0.3124	2	14	30
F21P	-0.4915	0.327	2	248	15511
F21Q	-0.6561	0.3476	2	280	34649
F21R	-0.4452	0.3719	2	6	6
F21S	-0.504	0.2968	2	629	1433364
F21U	-0.5824	0.3703	2	11	33
F21V	-0.448	0.2729	2	705	2161746
F21W	-0.4896	0.2871	2	528	549002
F21X	-0.0735	0.87	2	1	1
F21Y	-0.4502	0.2993	2	572	1131720
F22B	-0.1702	-0.3394	1	561	228525
F22C	-0.1832	-0.2721	1	34	47
F22D	-0.1791	-0.3157	1	363	56446
F22F	-0.1295	-0.1118	1	8	12
F22G	-0.201	-0.3977	1	309	26442
F22H	-0.2141	-0.4345	1	11	11
F22J	-0.2769	-0.4944	1	12	18
F22K	-0.5871	0.2566	2	4	4
F22L	-0.3907	-0.5392	1	3	3
F22M	-1.0578	-0.2863	1	2	2
F22R	-1.2455	-0.3324	1	1	1
F22V	-0.2055	0.2564	2	13	19
F23A	-0.6131	0.0353	1	2	3
F23B	-0.115	-0.438	1	332	46830
F23C	-0.3329	-0.3772	1	491	184990
F23D	-0.2906	-0.2644	1	610	237951
F23F	-0.1365	-0.3631	1	35	77
F23G	0.0317	-0.2968	1	550	257006
F23H	-0.0979	-0.4529	1	251	18493
F23J	-0.1367	-0.4116	1	503	235830
F23K	-0.2034	-0.3057	1	477	108306
F23L	-0.3203	-0.4452	1	446	157619
F23M	-0.2132	-0.3728	1	429	73854
F23N	-0.3575	-0.2741	1	487	156663
F23O	-0.3039	-0.8698	1	1	1
F23P	-0.1438	-0.2968	1	18	19
F23Q	-0.5067	0.0122	1	534	77717
F23R	-0.9765	-0.2603	1	368	85215
F23S	-0.4201	-0.4605	1	2	2
F23T	-0.4028	-0.3919	1	6	6
F23U	-0.6212	-0.3786	1	12	13
F23V	-0.6366	0.4145	2	4	5
F24A	0.3864	0.3336	2	5	5
F24B	-0.2371	-0.6335	1	412	37120
F24C	-0.1696	-0.3197	1	586	317768
F24D	-0.3797	-0.3863	1	576	288161
F24E	-0.3603	0.0222	1	5	6
F24F	-0.3734	-0.301	1	702	756498
F24G	-0.3993	-0.4121	1	30	53
F24H	-0.3597	-0.4104	1	631	368774
F24I	-0.4141	-0.5091	1	6	6
F24J	-0.2514	-0.1806	1	569	193660
F24K	-0.4103	-0.3495	1	2	2
F24L	-0.0934	-0.3541	1	14	29
F24M	-0.4236	-0.3563	1	23	29
F24N	-0.4872	-0.3594	1	10	10
F24P	-0.2504	-0.4867	1	6	6
F24Q	-0.5809	0.2951	1	3	3
F24S	-0.3009	-0.0906	1	531	234241
F24T	-0.3534	-0.288	1	233	12961
F24V	0.1258	-0.2217	1	375	25031
F24X	0.2774	-0.4703	4	2	2
F25B	-0.2419	-0.3162	1	653	600927
F25C	-0.1165	-0.3696	1	486	55032
F25D	-0.112	-0.3422	1	676	500494
F25E	-0.3238	-0.4571	1	1	1
F25F	-0.354	-0.3148	1	39	61
F25G	-0.0759	-0.3096	1	30	50
F25H	-0.1234	-0.3529	1	53	139
F25I	0.2591	-0.1781	3	3	4
F25J	0.2358	-0.1107	3	427	82978
F25K	0.4807	-0.1033	3	7	7
F25L	0.3799	-0.2843	1	8	11
F25M	-0.4261	-0.2209	3	2	2
F25O	-0.1968	-0.4485	1	8	10
F25P	-0.142	-0.5003	1	1	1
F25R	-0.1325	-0.0461	3	3	3
F25S	0.0072	-0.0995	3	6	7
F25T	0.3371	-0.1504	3	1	1
F25V	-0.0281	-0.1221	3	6	7
F26B	0.2958	-0.3417	3	677	534657
F26C	0.3965	-0.3512	5	8	11
F26D	0.0992	-0.2228	1	38	55
F26F	-0.1056	-0.4948	1	8	11
F26G	0.0657	-0.4936	1	3	3
F26H	-0.5218	-0.3637	1	3	3
F26J	0.2812	0.0541	3	13	24
F27B	0.1915	-0.1509	3	617	408529
F27C	-0.154	-0.1897	1	25	50
F27D	0.1615	-0.2028	3	598	503598
F27F	-0.4215	-0.0638	1	6	6
F27G	0.1714	-0.2966	3	7	8
F27J	0.3562	-0.114	3	5	8
F27K	-0.5637	-0.601	6	1	1
F27M	-0.0212	-0.4162	1	5	9
F27N	0.2912	-0.2213	3	4	4
F27O	0.1417	-0.45	3	4	4
F28B	-0.1029	-0.288	1	438	48368
F28C	-0.0517	-0.5392	1	460	73623
F28D	-0.1471	-0.2586	1	657	623456
F28E	-0.0509	-0.4196	1	3	3
F28F	-0.1985	-0.2357	1	642	640203
F28G	-0.1475	-0.4199	1	409	59907
F28H	-0.0353	-0.2077	1	10	14
F28J	0.3277	-0.1757	3	4	4
F28K	0.4404	-0.6477	4	2	2
F28N	-0.3322	-0.6308	1	3	3
F28O	-0.4871	-0.4009	1	6	7
F28R	0.827	0.0188	3	6	6
F28S	0.252	-0.415	3	1	1
F29B	-0.1722	-0.1275	1	6	6
F29C	0.0705	-0.2558	1	18	19
F29D	-0.5019	-0.2631	1	8	8
F29F	-0.5051	-0.4285	1	1	1
F29G	-0.1829	-0.6034	1	2	2
F29H	-0.4948	-0.1125	4	3	3
F29J	-0.1553	0.4042	2	3	3
F29Q	-0.6883	0.0384	1	1	1
F29V	-0.584	0.3099	1	2	2
F30B	-0.6015	-0.4346	1	3	3
F30H	-0.2271	0.4715	2	2	2
F31A	-0.3486	-0.022	7	2	2
F32B	-0.0885	-0.1672	3	13	14
F32C	-0.5692	0.216	1	3	3
F32D	-0.1487	-0.0825	4	3	3
F32G	-0.0292	-0.4423	1	6	6
F32Q	-0.7311	0.1005	1	4	4
F34D	-0.1931	-0.4604	1	5	6
F34F	-0.5052	-0.4281	1	1	1
F34H	-0.4428	-0.5859	1	3	7
F34J	-0.4228	-0.1526	1	3	9
F36A	-0.3797	-0.6064	1	5	9
F36B	0.3373	-0.6396	4	2	2
F36C	-0.71	-0.4591	1	2	2
F36D	-0.5315	-0.5218	1	5	7
F36E	-0.4801	-0.587	1	1	2
F40B	-0.6538	-0.6355	4	3	3
F40D	-0.5049	-0.4282	1	1	1
F40F	-0.1437	-0.1592	3	7	7
F41A	-1.2137	0.0109	7	505	77399
F41B	-0.7889	0.0975	7	452	30579
F41C	-0.9204	-0.1203	7	375	33146
F41D	-1.3027	-0.0022	7	97	6957
F41F	-0.934	0.0448	7	356	30055
F41G	-0.674	0.1441	7	401	75191
F41H	-0.4931	0.0163	7	554	90668
F41J	-0.9218	0.2015	7	392	21636
F41L	0.1538	0.191	2	1	1
F41M	-0.3288	0.1314	7	4	9
F41Q	-0.7057	0.5795	7	2	2
F41R	-0.8585	0.1397	7	4	5
F41Z	-1.2721	0.0824	7	2	2
F42A	-1.3963	0.1	7	2	2
F42B	-0.8507	0.0181	7	625	147764
F42C	-1.0222	0.1319	7	412	41214
F42D	-0.5136	-0.0851	7	435	45931
F42F	-0.7692	0.114	7	12	14
F42G	-0.9044	0.1848	7	9	12
F42H	-0.6703	0.0443	7	1	1
F42J	0.5073	-0.2957	3	7	7
F42L	-1.0456	0.1927	7	5	5
F42O	-0.8782	0.397	2	3	3
F42R	-0.6581	-0.1359	1	2	2
F42S	-1.3067	0.0304	7	2	2
F43B	-0.9377	0.0144	7	4	4
F44B	0.1182	-0.4622	4	2	2
F45B	-0.9099	-0.2937	1	2	2
F46D	-0.9269	-0.3376	1	3	3
F46I	-1.0841	-0.251	1	2	2
F47A	-0.5525	-0.4841	1	8	15
F47B	-0.544	-0.0659	7	5	5
F47C	-0.9158	-0.585	1	3	3
F47D	-0.4396	-0.0893	1	3	3
F47F	-0.0091	-0.3977	3	4	4
F47G	0.0825	-0.2678	4	5	5
F47H	-0.6578	-0.5921	1	5	6
F47J	-0.0674	-0.6399	4	2	5
F47K	-0.3205	-0.5108	1	4	4
F47L	0.0615	-0.7368	4	2	2
F52B	-1.1068	0.0407	7	1	1
F53G	0.5131	-0.1519	3	6	6
F59A	-0.6093	-0.4484	1	5	6
F59B	-0.9796	-0.295	1	1	1
F59E	-0.5435	-0.3115	1	2	2
F60B	-0.4568	-0.2405	4	4	4
F60C	-1.0012	-0.3519	1	3	3
F60J	-0.6405	-0.3844	1	4	4
F60K	-0.3372	0.8415	2	1	1
F60L	-1.1343	-0.2896	1	4	4
F60R	-1.0781	-0.3513	1	3	3
F60T	-0.6761	-0.0299	1	3	3
F61B	-0.003	-0.0699	4	4	8
F61C	0.0381	-0.0299	4	7	13
F61D	-0.8453	-0.1507	1	8	10
F61F	-0.793	-0.1427	1	9	12
F61G	-0.4423	-0.1042	4	7	7
F61H	-0.5699	-0.3188	1	13	19
F61J	-0.8187	-0.3786	1	8	12
F61K	-0.0145	-0.1456	1	43	81
F61L	-0.2821	-0.2594	1	17	24
F61M	0.1111	-0.3914	4	2	2
F61N	-0.0461	-0.0694	4	5	6
F62B	-0.3734	0.2091	2	8	8
F62C	-0.519	-0.33	1	5	13
F62D	-1.0342	-0.3094	1	7	10
F62G	-0.2434	-0.5367	1	2	2
F62J	-0.9587	-0.4222	1	1	1
F62K	-1.0327	-0.1721	1	4	5
F62M	-1.2457	-0.1813	1	2	2
F63B	-0.3808	-0.316	4	4	4
F63F	-0.4348	0.6342	2	1	1
F63H	-1.2076	-0.2855	1	3	3
F64B	-0.9554	-0.2274	1	6	6
F64D	-0.9678	-0.0321	1	1	2
F65B	-0.4287	-0.4486	1	5	5
F65D	-0.1637	-0.3514	4	10	13
F65H	0.2723	-0.3066	3	3	4
F66C	-0.4608	-0.5938	1	1	1
F67C	-0.6975	-0.2362	1	2	2
F67D	-0.38	-0.2891	1	5	5
F72E	-1.1783	0.2725	7	1	1
F73T	-0.1079	-0.4656	1	6	6
F78D	-0.2298	-0.3528	1	2	2
F82A	0.4161	-0.4901	3	1	1
F82G	0.466	-0.5567	3	2	2
F84D	-0.3391	-0.484	1	2	2
F86D	-1.0993	-0.5149	1	1	2
F87D	-0.435	-0.5905	1	2	2
F88F	-0.0582	-0.7618	1	1	1
F91C	-1.4989	0.0207	7	1	1
F91J	-1.178	0.2728	7	1	2
F91N	-1.2759	-0.1614	1	3	3
F92B	-1.211	-0.0611	7	6	7
F92C	-0.6307	-0.2401	1	7	7
F99Z	-0.6187	0.033	1	18	19
G00B	-0.1035	0.6376	2	7	7
G00C	-0.358	1.2743	2	1	1
G00F	-0.4059	0.7209	2	18	34
G00G	-0.2735	0.9112	2	6	9
G00K	-0.3085	0.7453	2	7	9
G00N	0.4195	0.4583	5	2	2
G00T	-0.3605	0.9631	2	5	7
G01A	0.2604	0.5567	5	2	3
G01B	-0.1417	0.1802	2	733	1261692
G01C	-0.4629	0.3443	2	647	994710
G01D	-0.2679	0.3114	2	707	951804
G01E	-0.354	0.3342	2	9	20
G01F	-0.2293	0.1159	2	687	511782
G01G	-0.2127	0.1085	2	634	189186
G01H	-0.3187	0.3529	2	540	179620
G01I	-0.1908	0.4138	2	25	42
G01J	0.0792	0.4864	2	677	519474
G01K	-0.1427	0.2151	2	650	381181
G01L	-0.3984	0.2248	2	668	534280
G01M	-0.4081	0.1589	1	666	756839
G01N	0.4722	0.3403	5	945	5327490
G01O	-0.13	0.4559	2	11	11
G01P	-0.4028	0.3433	2	645	422663
G01Q	0.1248	0.5647	2	343	78260
G01R	-0.23	0.55	2	774	1534779
G01S	-0.4086	0.4829	2	701	1172709
G01T	0.1797	0.5986	2	531	203934
G01U	-0.1949	0.629	2	15	36
G01V	-0.2424	0.5492	2	637	405465
G01W	-0.3957	0.3055	2	428	83526
G01X	-0.2861	0.4448	2	67	385
G01Y	0.2119	0.4749	2	16	18
G01Z	-0.2171	0.1681	2	3	3
G02B	-0.0848	0.4688	2	823	3269359
G02C	0.5454	0.2136	6	541	270300
G02D	-0.233	0.4239	2	47	77
G02E	-0.1199	0.846	2	10	16
G02F	-0.0755	0.6404	2	670	1748929
G02G	0.0542	0.547	2	44	101
G02H	-0.022	0.7945	2	7	7
G02I	-0.1036	0.6797	2	3	4
G02J	-0.0966	0.6849	2	10	15
G02K	-0.0511	0.5787	2	18	25
G02L	-0.108	0.2527	2	16	24
G02M	-0.4115	0.2138	1	17	20
G02N	0.5261	0.4466	5	41	106
G02P	-0.2592	0.5912	2	8	13
G02R	-0.2014	0.5835	2	18	32
G02S	-0.1608	0.6334	2	20	25
G02T	-0.0643	0.616	2	10	12
G02V	0.7236	0.3169	6	1	1
G03A	0.3761	0.5573	2	2	4
G03B	-0.138	0.4611	2	710	1240273
G03C	0.4	0.4716	2	599	346295
G03D	0.1933	0.326	2	444	58474
G03E	0.5978	0.4661	2	28	50
G03F	0.2077	0.4574	2	656	1131528
G03G	0.1378	0.4823	2	658	811964
G03H	-0.0584	0.5542	2	402	100607
G03J	0.2733	0.5259	2	6	6
G03K	-0.0144	0.7459	2	27	68
G03L	0.221	0.6068	2	41	153
G03M	-0.3305	0.7407	2	9	12
G03N	-0.1052	0.7476	2	8	9
G03O	0.2002	0.5483	2	8	10
G03P	0.3095	0.5297	2	10	28
G03Q	0.3676	0.5355	2	4	5
G03R	0.0448	0.7225	2	8	10
G03S	0.1317	0.5421	2	8	13
G03V	-0.3003	0.7485	2	2	2
G03X	-0.0562	0.5667	2	70	1482
G04B	-0.5124	0.4141	2	551	128261
G04C	-0.5283	0.5371	2	463	128469
G04D	-0.3816	0.282	2	313	15959
G04E	-0.3812	0.4296	4	3	3
G04F	-0.3749	0.5419	2	479	66289
G04G	-0.5442	0.5678	2	463	190447
G04H	-0.4453	0.3175	2	15	16
G04J	-0.3976	0.5484	2	6	6
G04K	-0.473	0.9457	2	9	11
G04L	-0.4436	0.8976	2	27	44
G04M	-0.5762	1.17	2	2	4
G04N	-0.2008	0.7638	2	24	48
G04P	-0.7013	0.6565	2	2	2
G04Q	-0.651	1.2602	2	1	1
G04R	-0.6007	0.7393	2	191	25756
G04S	-0.5945	0.8231	2	5	7
G04V	-0.3006	0.7486	2	2	4
G05B	-0.3422	0.1021	2	741	1116519
G05C	-0.5324	-0.0212	1	42	77
G05D	-0.4943	-0.0199	1	761	1175210
G05E	-0.5659	0.4468	2	16	18
G05F	-0.5663	0.7095	2	550	253360
G05G	-0.6233	-0.0806	1	601	213398
G05H	-0.6239	-0.2086	1	5	5
G05I	-0.6122	0.6484	2	7	10
G05K	-0.3988	0.6143	2	24	43
G05L	-0.863	0.7335	2	1	1
G05N	0.3564	0.4573	5	5	6
G05O	-0.6718	-0.0064	1	1	1
G05P	-0.5389	0.2083	1	16	22
G05Q	-0.3372	-0.5358	6	3	3
G05R	-0.5312	0.6055	2	13	20
G05S	-0.5467	0.6144	2	11	19
G05T	-0.5979	0.8462	2	2	2
G06A	-0.0481	0.7453	2	14	21
G06B	-0.3036	0.6133	2	135	438
G06C	-0.368	0.6805	2	395	19289
G06D	-0.5283	0.2924	2	181	2254
G06E	-0.2616	0.7614	2	213	18149
G06F	-0.3527	0.6914	2	933	7553624
G06G	-0.3522	0.5784	2	551	120670
G06H	-0.2565	0.6774	2	39	137
G06I	-0.2425	0.7427	2	16	33
G06J	-0.3286	0.7861	2	177	11642
G06K	-0.1665	0.5341	2	751	2374679
G06L	-0.2197	0.819	2	24	45
G06M	-0.2022	0.3448	2	533	70252
G06N	-0.2591	0.5672	2	601	1537474
G06O	-0.4553	0.9136	2	1	3
G06P	-0.4561	0.8508	2	27	66
G06Q	-0.3277	0.5488	2	687	2768303
G06R	-0.3701	0.824	2	52	189
G06S	-0.36	0.7924	2	7	14
G06T	-0.2439	0.7229	2	700	2494090
G06U	-0.1522	0.8706	2	4	6
G06V	-0.266	0.6307	2	580	983535
G06W	-0.3332	0.6177	2	5	8
G06X	-0.1285	0.8089	2	5	6
G06Y	-0.3787	0.944	2	2	2
G06Z	-0.4461	0.9956	2	6	8
G07A	-0.2024	0.7343	2	1	1
G07B	-0.3301	0.5473	2	406	156474
G07C	-0.382	0.3438	2	618	597540
G07D	-0.0998	0.418	2	465	211801
G07E	-0.2638	0.3771	2	6	7
G07F	-0.1741	0.3783	2	635	595859
G07G	-0.2349	0.5334	2	364	129575
G07H	1.3226	0.2703	5	19	52
G07J	0.3011	0.3031	2	4	6
G07K	1.0524	0.3768	5	30	130
G07L	-0.1741	0.3963	2	14	15
G07M	-0.5462	0.183	1	2	6
G07N	0.8625	0.3432	5	17	34
G07P	-0.294	1.235	2	1	1
G07R	-0.1493	0.2464	2	14	19
G07T	-0.2754	0.6732	2	4	5
G07V	-0.2984	0.5107	2	2	2
G08B	-0.4846	0.3221	2	701	1140622
G08C	-0.3624	0.5597	2	620	529198
G08D	-0.4107	0.4051	2	35	49
G08E	-0.6763	0.3475	2	4	4
G08F	0.1778	0.4907	2	120	372
G08G	-0.525	0.4247	2	511	859972
G08H	0.6652	0.1964	3	5	5
G08I	-0.4486	1.0206	2	3	3
G08J	0.3339	0.3423	2	23	28
G08K	0.007	0.5519	2	52	131
G08L	0.3013	0.2903	3	40	86
G08M	-0.5193	-0.0496	1	4	4
G08N	0.3912	0.4699	2	4	4
G08O	-0.4564	0.9133	2	1	1
G08P	-0.2145	0.4664	2	2	3
G08Q	-0.4406	0.8794	2	4	4
G08R	-0.4569	0.4867	2	5	5
G08S	-0.3319	0.455	2	3	4
G08T	-0.0867	0.6956	2	4	5
G08U	-0.4366	0.9874	2	2	2
G09A	-0.3054	0.7088	2	7	7
G09B	-0.3776	0.3769	2	667	551328
G09C	-0.3819	0.8546	2	319	164160
G09D	-0.4929	0.365	2	263	7957
G09E	-0.3169	0.4858	2	19	23
G09F	-0.2406	0.2075	2	735	1392492
G09G	-0.2955	0.812	2	595	1103658
G09H	-0.1578	0.7165	2	9	15
G09I	0.3319	-0.2969	4	3	3
G09J	0.0441	0.2468	3	18	23
G09K	0.1632	0.5618	2	47	104
G09L	-0.4563	0.913	2	1	1
G09M	-0.4552	0.914	2	1	1
G09N	0.996	0.4147	5	5	6
G09P	-0.4337	0.5847	2	3	3
G09Q	-0.3587	1.0022	2	4	6
G09R	-0.1644	0.7582	2	12	12
G09S	-0.3929	0.7806	2	9	14
G09T	-0.2652	0.8111	2	15	25
G09X	-0.0923	0.6659	2	96	1916
G10A	-0.6037	0.7265	2	7	9
G10B	-0.6197	0.6772	2	171	9075
G10C	-0.5579	0.5671	2	283	14432
G10D	-0.4956	0.4143	2	416	26085
G10F	-0.5434	0.5998	2	280	11191
G10G	-0.5171	0.4768	2	315	34334
G10H	-0.5167	0.7203	2	394	107273
G10I	-0.5044	1.0481	2	4	4
G10J	-0.2472	0.9687	2	70	186
G10K	-0.4326	0.3054	2	663	367419
G10L	-0.3649	0.8464	2	506	571825
G10M	-0.1622	0.5529	2	13	20
G10N	0.4074	0.5159	5	32	58
G10O	0.032	0.6072	2	3	3
G10P	-0.5964	0.5296	2	4	5
G10R	-0.3515	0.6887	2	18	40
G10S	-0.5083	0.6453	2	6	9
G10T	0.5372	0.3647	3	5	5
G10V	-0.0879	0.5208	2	5	6
G11A	-0.3367	0.8419	2	1	2
G11B	-0.2662	0.6264	2	778	1266973
G11C	-0.2977	1.005	2	596	714572
G11D	-0.3277	0.9083	2	46	283
G11E	-0.3141	0.9455	2	5	5
G11F	-0.3316	0.7064	2	3	3
G11G	-0.3676	1.0079	2	8	30
G11K	-0.4197	0.6798	2	9	17
G11L	-0.2394	1.0587	2	7	19
G11M	-0.3967	0.8776	2	2	2
G11N	0.1042	0.4119	5	4	6
G11O	-0.2063	0.9567	2	4	7
G11R	-0.3563	0.7527	2	17	34
G11S	-0.235	0.7371	2	2	2
G11T	-0.3315	0.9653	2	3	5
G11V	-0.3396	1.0575	2	5	6
G12A	0.4532	0.5187	5	2	2
G12B	-0.3629	0.2883	2	545	121998
G12C	-0.1012	0.1471	3	15	29
G12D	1.5189	0.311	5	1	1
G12F	0.3392	0.2474	3	10	10
G12G	-0.1805	0.8088	2	11	18
G12H	0.5795	-0.1896	5	9	9
G12K	0.1605	0.5949	2	11	18
G12M	0.896	0.3086	5	11	13
G12N	1.3145	0.2938	5	26	89
G12P	1.4054	0.2847	5	19	49
G12Q	1.0726	0.3738	5	24	80
G13L	0.2067	0.6775	2	1	1
G13S	-0.547	0.6538	2	1	1
G14C	0.8188	0.0167	3	3	3
G15B	-0.199	0.2907	2	4	4
G15S	-0.5865	0.5657	2	2	2
G16B	0.7101	0.5056	5	277	162073
G16C	0.1682	0.6028	2	400	51092
G16D	-1.0998	-0.5147	1	1	1
G16F	-0.3978	0.9914	2	7	12
G16G	-0.4724	0.5014	6	4	4
G16H	-0.0407	0.5022	2	445	514661
G16K	-0.3734	0.2477	2	6	6
G16L	-0.5066	-0.5074	1	2	4
G16M	-0.8969	-0.3574	1	1	1
G16T	-0.5236	0.3977	2	5	5
G16Y	-0.434	0.6547	2	403	69188
G16Z	-0.0893	0.5474	2	375	46871
G17L	-0.4191	1.1001	2	3	3
G18B	-0.0958	0.7968	2	4	4
G19F	0.6296	0.4862	5	1	1
G20B	-0.1438	0.6533	2	25	59
G20C	0.7236	0.3172	6	1	1
G20F	-0.1108	0.7626	2	6	9
G20K	0.1441	0.6821	2	3	3
G20L	-0.5041	1.1535	2	2	2
G21B	-0.0152	0.3379	2	320	18349
G21C	-0.0129	0.0746	3	589	196547
G21D	-0.1186	0.0328	3	404	65592
G21E	0.0962	0.2078	3	17	26
G21F	0.2801	0.1775	3	581	147420
G21G	0.3039	0.3577	3	365	33182
G21H	0.2288	0.2664	3	415	18066
G21J	-0.1832	0.3712	2	99	691
G21K	0.2277	0.5265	2	512	174617
G21L	0.6295	0.4859	5	1	1
G21N	0.3173	0.6407	2	20	35
G21P	0.6515	-0.4776	3	3	3
G21R	0.0496	0.5586	2	13	28
G21T	0.5541	0.4193	5	2	3
G21V	0.8812	0.1981	3	7	17
G21X	0.3538	0.3278	3	12	24
G21Y	-0.1255	0.6471	2	4	4
G22B	-0.0361	0.1335	3	11	11
G22C	0.1518	0.1378	3	8	11
G22D	-0.243	0.1836	2	3	3
G22F	0.0305	0.6719	2	5	7
G22G	0.491	0.3584	3	11	20
G23B	0.0957	0.1465	3	5	5
G23C	0.1072	0.252	3	21	41
G23D	-0.4809	-0.372	1	8	9
G23F	0.1426	0.2931	2	14	16
G23G	0.3625	-0.0301	3	9	9
G23K	-0.1275	0.2717	2	3	4
G23P	-0.3031	-0.4564	6	6	6
G23Q	-0.0433	-0.2364	6	4	4
G24B	0.2261	-0.5414	6	1	1
G24C	-0.6922	0.6381	2	2	2
G24D	0.308	-0.5413	6	2	2
G25B	0.2974	0.2575	5	22	31
G25C	0.7233	-0.1047	3	7	7
G25F	0.0013	0.5922	2	12	13
G25G	-0.3568	-0.1946	6	5	5
G25J	-0.1159	-0.1307	6	14	19
G26B	0.4687	-0.2745	5	8	12
G26K	-0.3241	0.9892	2	2	3
G27B	-0.125	0.4397	2	4	4
G27C	-0.4763	1.2234	2	4	4
G27L	-0.0373	-0.9479	6	3	3
G28B	0.3613	0.1114	3	4	4
G29C	0.1435	-0.4542	3	3	3
G29D	-0.6643	0.5008	2	1	1
G29F	-0.6549	0.2226	2	3	3
G29G	-0.297	0.9615	2	1	2
G30B	0.1569	0.5491	2	19	43
G30C	0.5343	0.6529	2	1	1
G30G	0.5569	0.4793	2	5	6
G31B	0.1564	-0.0696	3	3	3
G32B	0.1893	0.2008	3	26	50
G32G	0.334	-0.1275	3	2	4
G33B	-0.0371	0.6126	2	5	5
G33G	0.2067	0.6773	2	1	1
G35F	-0.7305	0.9152	2	1	1
G36F	-0.3854	0.746	2	4	4
G41B	-0.1559	0.6048	2	20	26
G41D	-0.3842	0.4588	2	2	2
G41F	0.1091	0.5618	2	7	9
G41G	-0.3693	-0.3056	7	2	2
G41H	-0.538	1.1141	2	3	3
G41J	-0.1843	0.6016	2	10	14
G41M	0.2188	-0.2893	3	3	3
G41T	0.4754	0.6092	5	2	2
G42B	-1.1071	0.0409	7	1	1
G42C	-0.5455	0.4776	2	1	1
G42D	-0.6307	0.2326	2	4	4
G42F	-0.0835	0.5054	2	2	2
G42L	0.3244	0.5309	5	4	7
G42M	-0.4307	0.6295	2	3	4
G42N	-1.2915	0.1801	7	1	1
G42R	-0.4799	0.3214	2	5	6
G42T	-0.4129	1.1355	2	2	2
G43A	0.003	0.4803	2	5	6
G43B	-0.021	0.3082	2	3	3
G43C	0.5343	0.6528	2	1	1
G43L	-0.1885	0.4084	2	4	4
G43M	-0.4553	0.9129	2	1	1
G44B	-0.3278	-0.2212	6	5	5
G44C	-0.1228	0.6561	2	6	6
G45C	-0.344	-0.5884	4	3	3
G45D	0.2589	-0.7777	4	1	3
G46F	-0.3524	0.868	2	6	10
G46T	-0.4559	0.9134	2	1	1
G47B	-0.6865	0.562	2	1	1
G47C	-0.679	-0.7857	4	1	1
G47F	-0.7381	0.5194	2	3	3
G47K	0.206	-1.2053	4	1	2
G47L	0.0654	-0.9803	4	1	1
G48B	-0.6557	0.4471	2	1	1
G50B	0.0882	0.3621	5	9	9
G50G	-0.9578	-0.2193	1	3	3
G51C	-0.3581	1.2739	2	1	1
G57E	0.207	0.6774	2	1	1
G60B	-1.0489	-0.3504	1	2	2
G60C	-0.2958	0.0716	3	3	5
G60E	-0.3676	0.7071	2	6	8
G60F	-0.4322	0.7302	2	38	109
G60G	-0.6634	0.5045	2	8	9
G60H	-0.6033	-0.5446	1	2	3
G60J	-1.0717	-0.5745	1	2	3
G60K	-0.4863	0.5366	2	21	31
G60L	-0.7931	-0.0419	1	11	14
G60N	-0.7134	-0.5607	1	1	2
G60P	-0.5811	-0.3814	4	4	4
G60Q	-0.7994	0.2609	1	14	20
G60R	-0.7766	0.1754	1	11	25
G60S	-1.1036	-0.4015	1	2	2
G60T	-0.8062	0.2111	1	11	20
G61B	-0.3579	0.5989	2	9	10
G61C	-0.6647	0.5257	2	2	2
G61D	-0.9332	-0.4118	1	2	2
G61F	0.319	0.2737	4	3	3
G61G	-0.5378	-0.0524	4	3	3
G61J	0.1941	0.5759	2	6	8
G61K	1.2406	0.2404	5	10	20
G61N	0.402	0.4134	4	1	1
G61R	-0.337	0.9234	2	2	2
G61T	0.055	0.744	2	3	3
G61V	-0.0702	0.6222	2	3	3
G62B	-0.0694	-0.5879	6	2	2
G62D	-1.0286	-0.3176	1	1	4
G62H	-1.0526	-0.3688	1	2	2
G63B	-0.4257	0.3425	2	9	11
G63C	0.411	0.5684	2	2	2
G63F	-0.3372	1.003	2	1	1
G63H	-0.5413	0.6502	2	6	6
G64B	0.3653	-0.2468	5	2	2
G64C	-1.0432	-0.0921	1	2	2
G64D	-1.0508	-0.0917	1	2	2
G64G	-0.8342	0.2448	7	7	10
G65B	-0.0885	-0.0614	4	10	13
G65D	-0.1416	-0.124	4	18	30
G65F	-0.1812	0.1119	4	2	2
G65G	-0.114	0.0956	2	18	28
G65H	-0.0385	0.1343	2	20	32
G65N	0.5352	0.2548	5	3	5
G66B	-0.8136	-0.4508	1	2	3
G66F	-0.503	0.6562	2	10	16
G66G	-0.4549	0.9131	2	1	1
G66T	-0.3757	0.9383	2	2	2
G67D	0.1353	-0.4214	4	4	4
G69F	-0.3758	0.9107	2	3	3
G70D	-0.1162	0.5879	2	1	1
G70L	-0.3958	0.9588	2	2	2
G71B	-0.3371	0.842	2	1	1
G72B	-0.092	0.6559	2	1	1
G74D	-0.7382	0.5195	2	3	3
G80G	-0.5918	0.909	2	4	4
G81C	-0.4347	0.7721	2	3	3
G81D	0.1575	0.5886	2	2	2
G81R	-1.4558	0.0861	1	1	1
G90F	-0.1535	-0.1545	4	4	10
G90G	-0.2087	0.8797	2	4	4
G91F	0.5306	0.1804	3	2	2
G91J	0.135	0.587	2	4	4
G91N	0.3843	0.5876	5	2	2
G92B	-0.1302	0.649	2	2	2
G93F	0.1133	0.7602	2	2	2
G94B	-0.6551	0.7854	2	3	3
G95B	-0.554	1.2098	2	1	1
G95T	-0.0924	0.6558	2	1	1
G96F	-0.4322	0.955	2	5	10
G96T	-0.3375	1.0031	2	1	1
G99G	-0.2912	0.7495	2	1	1
G99Z	-0.2892	0.5433	2	103	267
H00B	-0.5126	0.8261	2	4	4
H00D	0.0246	0.5094	2	2	2
H00H	-0.0207	0.6477	2	5	5
H00K	-0.7338	0.5639	2	5	5
H00L	-0.302	0.7432	2	7	7
H00M	-0.4183	0.4823	2	4	4
H00N	-0.3955	0.959	2	2	2
H00R	-0.448	0.8033	2	1	1
H01A	-0.5388	0.5553	2	17	33
H01B	0.1668	0.135	3	710	1229014
H01C	-0.1152	0.3731	2	543	195601
H01D	-0.1286	0.3256	2	82	198
H01E	-0.1108	0.3634	2	27	45
H01F	-0.2226	0.1787	2	698	888995
H01G	0.0387	0.2216	3	595	421277
H01H	-0.4405	0.3161	2	721	723944
H01I	0.0133	0.5929	2	56	182
H01J	0.0444	0.5388	2	748	894748
H01K	-0.1931	0.3578	2	460	51650
H01L	0.0173	0.4616	2	960	5221720
H01M	0.0087	0.1856	3	711	1469930
H01N	0.1042	0.5113	2	137	457
H01O	-0.1777	0.5439	2	6	9
H01P	-0.38	0.777	2	489	190088
H01Q	-0.5029	0.4798	2	610	492866
H01R	-0.4621	0.3964	2	704	950227
H01S	-0.2003	0.8508	2	594	417647
H01T	-0.3416	0.3846	2	513	108998
H01U	-0.365	0.6678	2	6	8
H01V	-0.1623	0.4662	2	229	6077
H01W	-0.1839	0.5289	2	5	5
H01X	-0.0879	0.594	2	3	4
H01Z	-0.2325	0.6037	2	7	10
H02A	-0.622	0.5424	2	1	1
H02B	-0.461	0.2393	2	552	285737
H02C	-0.5645	0.384	2	80	368
H02D	-0.6867	0.3446	2	58	172
H02E	-0.3318	0.629	2	6	8
H02F	-0.519	0.3019	2	61	205
H02G	-0.468	0.0755	2	651	646823
H02H	-0.5289	0.42	2	582	456215
H02I	-0.5038	0.4101	2	6	6
H02J	-0.4482	0.2861	2	677	1509617
H02K	-0.6058	0.0832	1	727	854913
H02L	-0.2038	0.5426	2	69	220
H02M	-0.667	0.5637	2	623	678593
H02N	-0.2235	0.3237	2	606	222181
H02O	-0.7732	0.0179	1	4	4
H02P	-0.6852	0.1038	1	662	547192
H02Q	-0.6429	0.528	2	13	21
H02R	-0.5782	0.2856	2	24	76
H02S	-0.3618	0.0194	1	553	330738
H02T	-0.6663	0.3929	2	15	21
H02U	-1.0103	-0.1673	1	3	3
H02V	-0.3919	0.2894	2	12	21
H02W	-0.1366	0.5104	2	4	4
H02X	-0.3448	0.8301	2	2	2
H03A	-0.5443	1.1592	2	4	5
H03B	-0.4202	0.8522	2	475	148598
H03C	-0.4531	0.9534	2	325	56385
H03D	-0.4671	0.9318	2	363	126595
H03E	-0.4963	1.1528	2	4	7
H03F	-0.4111	1.0396	2	541	267339
H03G	-0.3198	0.846	2	420	180943
H03H	-0.4211	0.9446	2	546	385855
H03I	-0.5342	1.0788	2	5	5
H03J	-0.553	0.7908	2	423	131582
H03K	-0.3734	0.7528	2	663	839857
H03L	-0.4629	0.8719	2	401	205789
H03M	-0.4696	1.0493	2	533	604799
H03N	-0.4407	1.0132	2	23	53
H03O	-0.5594	1.2359	2	2	4
H03P	-0.5368	1.011	2	14	23
H03Q	-0.4988	0.9673	2	9	16
H03R	-0.5366	0.9608	2	27	68
H03S	-0.2303	0.8068	2	12	20
H03T	-0.2592	0.9002	2	4	4
H03X	-0.558	1.04	2	4	4
H04A	-0.6076	0.8644	2	15	25
H04B	-0.4356	0.8043	2	759	2896827
H04C	-0.5256	1.0392	2	41	159
H04D	-0.538	0.9221	2	53	197
H04E	-0.547	1.2279	2	2	2
H04F	-0.4258	0.8003	2	37	66
H04G	-0.5214	1.0261	2	48	222
H04H	-0.4404	0.9457	2	413	297737
H04I	-0.5125	1.0962	2	15	47
H04J	-0.4383	0.9852	2	485	855367
H04K	-0.5637	0.8414	2	320	96850
H04L	-0.4461	0.9535	2	752	4355064
H04M	-0.438	0.8907	2	695	1753336
H04N	-0.2742	0.759	2	818	4470145
H04O	-0.6099	0.9726	2	16	39
H04P	-0.4147	0.668	2	41	100
H04Q	-0.4794	0.8666	2	668	1279438
H04R	-0.3412	0.6009	2	652	543803
H04S	-0.3678	0.7725	2	256	99131
H04T	-0.5323	1.0912	2	14	72
H04U	-0.2968	0.873	2	5	8
H04V	-0.412	0.6936	2	9	13
H04W	-0.526	1.0064	2	616	2778911
H05A	-0.0936	0.4501	2	5	5
H05B	-0.038	0.1718	2	757	1580650
H05C	-0.079	0.0924	5	282	6485
H05D	-0.0592	0.3719	2	31	52
H05E	0.3269	0.2059	3	11	11
H05F	-0.1529	-0.003	4	562	80700
H05G	0.088	0.5867	2	378	85339
H05H	0.0219	0.3847	2	571	243956
H05I	-0.2922	0.918	2	5	5
H05J	-0.0973	0.5709	2	32	44
H05K	-0.1357	0.3429	2	804	2500496
H05L	-0.1991	0.6892	2	19	26
H05M	-0.2218	0.7173	2	20	24
H05N	-0.2295	0.7619	2	14	28
H05O	0.087	0.474	2	2	2
H05P	-0.7164	0.4229	2	3	3
H05Q	-0.5501	1.1392	2	1	1
H05R	-0.1756	0.5328	2	34	103
H05S	-0.5118	0.9217	2	6	9
H05T	-0.1691	0.5316	2	7	11
H05U	-0.2519	0.5016	2	8	19
H05V	-0.2865	0.6569	2	5	6
H05W	-0.0974	0.4429	2	4	6
H05X	-0.3406	0.8669	2	8	57
H06B	-0.1617	0.4421	2	46	74
H06F	-0.4853	0.8844	2	29	100
H06G	-0.2886	0.2689	2	6	6
H06H	-0.0154	0.3563	2	15	16
H06J	-0.0882	1.0538	2	7	10
H06K	0.0203	0.2513	2	52	122
H06L	-0.5165	0.9464	2	17	30
H06M	-0.3047	0.964	2	12	17
H06N	-0.2353	0.7564	2	21	38
H06Q	-0.2075	0.9875	2	13	20
H06R	-0.1107	0.7883	2	6	7
H06S	-0.4483	0.9899	2	7	7
H06T	-0.3174	0.9825	2	2	2
H07B	-0.2081	0.4407	2	9	13
H07C	0.0474	0.6497	2	1	1
H07D	-0.16	0.7479	2	4	4
H07F	-0.3242	1.0541	2	4	5
H07G	-0.1517	0.3033	3	6	8
H07H	-0.5115	0.7594	2	3	3
H07J	-0.3858	0.8297	2	18	28
H07K	-0.6891	0.3282	1	5	7
H07L	-0.0155	0.6756	2	23	111
H07M	0.1089	0.2497	3	24	64
H07N	-0.3804	0.847	2	3	6
H07P	-1.0805	-0.287	1	4	4
H07Q	-0.5703	1.1065	2	9	20
H07R	-0.2241	0.5851	2	15	20
H07S	-0.2354	1.1095	2	1	1
H08B	0.123	0.573	2	9	11
H08C	-0.554	1.2095	2	1	1
H08F	-0.5209	1.2023	2	1	1
H08G	-0.6295	0.6048	2	3	3
H08H	0.4563	0.2006	3	4	4
H08J	-0.4547	0.9136	2	1	1
H08L	0.0477	0.6499	2	1	1
H08M	-0.8628	0.7333	2	1	1
H09B	-0.4905	0.8272	2	28	48
H09D	-0.5016	1.3061	2	1	1
H09F	-0.3486	0.7061	2	3	3
H09G	-0.2706	0.9065	2	9	22
H09H	-0.6052	0.6889	2	11	11
H09J	-0.331	0.9118	2	9	11
H09K	-0.6201	0.7644	2	10	21
H09L	-0.3929	0.9802	2	10	17
H09M	-0.5743	1.0485	2	6	9
H09N	-0.3762	0.9671	2	10	30
H09Q	-0.5941	1.1946	2	5	12
H09R	-0.5535	0.4408	2	4	4
H09S	-0.3884	0.8887	2	2	2
H09V	-0.2134	0.8257	2	2	2
H10B	-0.0934	0.81	2	329	394298
H10C	-0.3065	0.4291	2	3	3
H10D	-0.0127	0.6872	2	94	2397
H10F	0.1024	0.4316	2	167	2132
H10H	-0.009	0.5203	2	119	1702
H10I	-0.2351	1.1092	2	1	1
H10J	-0.2215	0.6743	2	9	14
H10K	0.3197	0.36	2	415	460712
H10L	-0.0267	0.7541	2	27	140
H10M	0.5461	0.2168	3	9	13
H10N	-0.1133	0.4492	2	636	797941
H10Q	-0.4884	0.6957	2	2	2
H10R	-0.4637	0.4873	2	16	36
H10S	-0.0958	0.8592	2	13	26
H11B	0.5038	0.1222	3	2	2
H11C	-0.2718	1.206	2	2	3
H11J	0.0308	0.7575	2	6	7
H11K	1.28	0.3402	5	4	4
H11L	0.0164	0.663	2	7	14
H11M	0.0251	0.2826	3	1	1
H11P	-0.4954	1.0775	2	2	3
H11R	-0.6224	0.5423	2	1	1
H11S	-0.1543	0.9914	2	2	2
H12N	1.5183	0.3267	5	2	2
H12P	-0.6906	0.594	2	3	3
H13K	-0.5489	1.2579	2	2	2
H14B	-0.6035	1.2351	2	2	2
H14N	-0.3957	1.0464	2	5	6
H14Q	-0.6511	1.26	2	1	1
H15B	-0.8183	-0.5226	1	2	2
H15K	-0.2011	0.7879	2	2	2
H16B	0.4196	0.4582	5	2	2
H16C	-0.8164	-0.4614	1	2	2
H16D	-0.825	-0.3703	1	3	3
H16F	-0.7145	-0.4447	1	2	2
H16H	-1.0144	-0.2055	1	5	8
H16K	-0.541	-0.4174	1	2	4
H16L	-0.5181	-0.5233	1	1	1
H19R	-0.0595	0.5694	2	2	2
H20B	-0.6273	0.3396	2	1	1
H20H	-0.502	0.8602	2	6	6
H20K	-0.7371	0.0133	1	16	39
H20M	-0.8627	0.7336	2	1	1
H20P	-0.8978	-0.0063	1	10	14
H20Q	-0.6051	1.1926	2	3	3
H21A	-0.4633	1.0189	2	12	14
H21B	-0.0895	0.3959	2	2	2
H21C	-0.4056	0.2784	2	15	30
H21D	0.2221	-0.0941	5	6	7
H21G	-0.2666	0.3867	3	2	2
H21H	-0.1634	-0.0507	2	7	14
H21K	-0.1978	0.2762	3	3	7
H21L	0.1803	0.4209	2	7	9
H21N	-0.281	0.8661	2	8	12
H21P	1.3534	-0.2254	5	3	3
H21Q	-0.5952	0.7352	2	3	3
H21R	0.0847	0.7482	2	1	1
H21V	-0.6926	0.4943	2	2	2
H22C	1.1563	-0.4236	5	3	3
H22M	-0.7427	0.5726	2	2	2
H22P	-0.9338	0.0071	1	2	2
H23C	1.227	-0.0248	5	4	5
H23F	-0.5017	1.306	2	1	1
H23G	0.4255	0.402	5	8	15
H23H	-0.5211	1.2022	2	1	1
H23I	1.4008	-0.1854	5	1	1
H23J	1.4463	-0.0192	5	4	5
H23K	-0.5472	0.4244	2	2	2
H23L	1.4051	-0.056	5	16	23
H23M	-0.559	1.2419	2	3	3
H23P	-0.2603	0.0472	6	7	7
H24B	0.1397	0.5445	4	2	2
H24C	0.6167	-0.5794	4	1	1
H24D	0.0932	-0.206	4	2	2
H24F	0.4616	-0.4703	4	1	1
H24H	0.0636	-0.3196	4	3	3
H24J	-0.5498	1.1665	2	3	3
H24L	-0.5254	1.1473	2	3	4
H24N	-0.5006	1.108	2	3	3
H24Q	-0.6298	1.1841	2	2	2
H25B	-0.3043	-0.554	6	3	3
H25D	0.4142	-0.1262	5	6	7
H25K	0.0949	0.5336	2	3	4
H26D	-0.0482	-0.2798	6	3	3
H27H	-0.707	0.5683	2	1	1
H29J	0.0363	-0.3223	3	1	1
H30K	-0.3428	0.2978	2	4	4
H30L	-0.5464	1.1021	2	4	4
H30M	-0.5757	1.3123	2	1	2
H31J	0.1636	0.4793	2	5	5
H31K	-0.5536	1.2098	2	1	1
H32B	0.0649	0.049	3	4	4
H40B	-0.5505	1.0474	2	12	14
H40J	-0.5242	1.1478	2	6	8
H40L	-0.5558	1.1268	2	8	9
H40M	-0.5508	1.1573	2	2	4
H40N	-0.4222	0.7685	2	4	8
H41B	0.267	-0.61	4	1	2
H41G	0.1818	-0.8083	7	1	1
H41J	0.6182	-0.5681	5	2	2
H41M	-0.3951	1.0113	2	4	4
H42D	-0.5498	1.1392	2	1	1
H42J	-0.1821	0.3856	2	3	3
H43B	0.2974	-0.6956	4	2	5
H43D	0.3837	-0.6353	4	1	1
H44B	-0.016	-0.5084	4	1	1
H44L	-0.5619	1.1491	2	5	5
H44N	-0.3919	0.9043	2	2	2
H45C	-0.3318	-0.8104	4	1	1
H45D	0.2382	0.1839	4	3	3
H45F	-0.3963	-0.9017	4	1	1
H46B	0.2543	-0.8927	4	1	1
H47B	-0.465	0.3952	2	9	11
H47C	-0.6861	-0.7422	4	2	5
H47F	-0.2511	-0.2712	4	8	9
H47G	-0.1363	-0.4074	4	5	10
H47J	0.1126	-0.6217	4	4	6
H47K	0.0172	-1.0848	4	2	3
H47L	0.0648	-0.9805	4	1	2
H51R	-0.0597	0.5692	2	2	2
H52P	-0.7843	-0.0217	1	2	3
H60C	-0.091	0.0954	3	1	1
H60G	-0.9462	-0.3882	1	1	1
H60H	-0.6302	-0.5505	1	4	6
H60L	-0.8557	0.0252	1	7	7
H60N	0.2826	-0.4015	3	5	5
H60Q	-1.0928	0.2751	1	1	1
H60R	-0.1206	-0.6252	4	1	1
H61B	0.1648	0.4511	4	21	69
H61C	0.0312	0.0767	4	4	6
H61D	0.4688	0.4188	5	3	3
H61F	0.3818	0.3428	4	21	34
H61G	0.0157	0.7076	2	5	5
H61H	-0.0961	0.2481	4	4	4
H61J	0.19	0.5321	2	7	13
H61K	1.4114	0.2043	5	20	121
H61L	0.4745	0.1605	4	11	13
H61M	0.3353	0.0478	4	3	10
H61N	0.3559	0.3842	4	4	7
H61R	-0.616	0.9699	2	4	4
H61S	-0.0535	0.9035	2	2	2
H62B	0.1972	-0.2399	3	6	7
H62C	-0.6101	0.1132	1	2	2
H62D	0.3234	-0.0587	3	8	8
H62J	-0.5136	0.2518	3	3	3
H62K	-0.7935	0.1212	1	3	4
H63A	-0.4871	0.4161	2	2	2
H63B	-0.3209	0.2671	4	6	14
H63F	-0.2882	0.5828	2	6	25
H63H	-0.4643	0.3077	2	1	3
H63J	-0.7066	1.0117	2	1	1
H63K	-0.2011	0.7879	2	2	2
H63L	-0.4497	0.7478	2	3	3
H63M	-0.5758	1.3122	2	1	1
H64B	-0.5759	1.0752	2	5	5
H64D	-0.8635	-0.0004	7	2	2
H64G	-0.9982	0.2974	1	1	1
H64J	-0.4577	1.0609	2	5	6
H64N	-0.3845	0.8728	2	2	2
H64Q	-0.6167	1.2098	2	3	4
H65B	-0.0397	0.2614	2	1	1
H65D	-0.5636	-0.6012	6	1	1
H65G	-0.1422	0.7548	2	3	4
H65H	-0.0611	-0.0408	3	9	12
H65J	-0.0597	0.5695	2	2	2
H65K	-0.1246	0.4432	2	4	7
H77F	0.0575	0.1237	4	2	2
H81B	-0.4085	0.6938	2	4	6
H81L	0.0001	0.7954	2	2	3
H81R	-0.6222	0.5428	2	1	2
H91L	0.0985	0.6498	2	2	5
H91R	-0.401	0.515	2	2	2
H91S	-0.2134	0.6206	2	2	2
H92K	-0.8145	0.1339	1	1	1
H94B	-0.4482	1.0226	2	2	2
H94N	-0.2785	0.9012	2	3	3
H94Q	-0.5677	1.1239	2	4	4
H95H	0.1399	0.5057	2	4	4
H95K	-0.397	0.8777	2	2	2
H99Z	-0.3064	0.3899	2	55	111
I01F	-0.3101	0.1796	2	1	1
I01T	0.6816	-0.8397	3	1	1
I02B	-1.1028	-0.4701	1	1	1
I03T	0.6817	-0.84	3	1	1
I04L	-0.529	1.0766	2	4	4
I12N	1.4825	0.3593	5	3	3
I15D	0.682	-0.8398	3	1	1
I16D	-1.0995	-0.5158	1	1	1
J02K	-0.8289	0.1287	1	3	3
J06K	-0.316	0.9051	2	2	2
J24J	-0.0919	0.6555	2	1	1
J25J	-0.1301	-0.3278	3	5	5
K01L	0.2262	-0.5417	6	1	1
K01R	-0.6224	0.5426	2	1	1
K02K	0.4917	0.5895	5	3	3
K03K	-0.5984	1.0738	2	3	3
K11D	1.3597	0.1412	5	3	3
K23Q	-0.0886	0.2711	2	4	4
K47K	0.2054	-1.2053	4	1	1
K60J	-1.1522	-0.5136	1	1	1
K63B	-0.2892	0.0586	4	1	1
K63F	-0.5096	0.5217	2	1	1
L00C	1.0825	0.0354	5	13	33
L07C	1.1458	0.1955	5	2	3
L07D	1.3884	0.2105	5	3	3
L07L	0.9077	0.2414	5	11	13
L08F	0.7601	0.0711	3	4	4
L08K	0.7643	0.0707	3	2	2
L08L	0.3436	-0.206	3	5	5
L11D	1.2089	0.1121	5	4	4
L12N	1.4312	0.2394	5	6	7
L22L	0.2775	-0.0114	3	2	2
L30B	0.5973	0.2331	3	3	3
L60R	-0.9539	-0.0892	1	1	1
L63B	-0.2895	0.0583	4	1	1
M01C	-0.0132	0.7622	2	2	2
M01J	0.085	0.748	2	1	1
M01L	0.0031	0.6449	2	2	4
M01M	-0.0848	0.3035	3	8	12
M01R	-0.4007	0.5151	2	2	2
M02G	-0.4431	-0.5603	1	2	2
M04B	-0.5898	1.1642	2	4	4
M04L	-0.5221	1.1083	2	8	12
M04N	-0.3373	0.8417	2	1	1
M04Q	-0.5309	1.104	2	4	4
M05B	-0.1232	-0.0662	1	6	6
M23B	0.2191	-0.1256	6	3	3
M41J	-0.0678	0.4875	2	4	14
M61G	-0.3014	0.556	2	6	6
N01B	0.3815	0.1961	4	2	2
N01H	-0.5162	0.7433	2	4	4
N01N	-0.462	0.6311	2	11	12
N04N	-0.3235	0.8868	2	7	7
N04Q	-0.3233	0.8867	2	7	7
N23D	-0.1976	-0.6792	6	2	2
O04B	0.6509	-1.0353	3	1	1
O06F	0.2965	0.6446	2	1	1
O08L	0.6953	0.0736	3	3	3
O12N	1.5246	0.3163	5	2	2
O21V	-0.142	-0.5005	1	1	1
P01H	0.5906	0.0739	5	3	3
P01N	0.6426	-0.0314	3	3	3
P02G	0.5046	-0.2265	3	6	6
P02M	-0.9158	-0.0451	1	6	6
P16B	-0.3831	-0.2116	1	3	3
P16K	-0.9023	-0.365	1	1	1
P21H	0.3967	-0.1483	3	2	2
P21V	-0.462	0.4448	2	6	6
P23D	-0.3937	-0.236	1	4	4
P23L	1.4634	0.1143	5	3	3
P23Q	-0.453	0.2394	1	2	3
P25D	-0.342	-0.5244	1	4	4
P32B	-0.3284	-0.0756	3	2	2
P60P	-0.9537	-0.0896	1	1	1
P60Q	-0.7993	0.1819	1	4	4
P61P	1.6242	0.2362	5	2	2
P65D	0.084	-0.4665	4	1	1
Q01F	1.4634	0.1567	5	2	2
Q01J	1.0534	-0.3733	5	1	2
Q01N	0.6293	0.4865	5	1	1
Q01R	-0.2982	0.9559	2	4	4
Q05B	-0.3559	-0.2107	6	2	2
Q06F	-0.4968	0.9821	2	2	2
Q08J	0.645	-0.1485	3	5	5
Q09G	-0.3636	1.0629	2	1	1
Q10H	-0.6685	0.9324	2	1	1
Q11C	-0.3578	1.2741	2	1	1
Q61B	1.5013	0.2223	5	2	2
Q61K	1.2799	0.3403	5	4	8
Q72P	0.2519	-0.4147	3	1	1
R01N	1.2092	0.1033	5	7	7
R01S	0.1086	0.7136	2	3	3
R02D	-1.3677	-0.0074	1	2	2
R04C	-0.85	-0.1054	1	2	2
R05B	-0.0452	-0.4228	4	6	6
R05R	-1.1787	-0.242	1	2	2
R06B	-0.6528	-0.6338	1	2	2
R06F	-0.3967	0.878	2	2	2
R16K	-0.643	-0.2722	1	1	1
R24B	0.1121	-0.1603	6	5	5
R25D	-0.254	-0.5014	1	3	3
R29G	0.5628	-0.1568	3	2	2
R32B	0.6678	-0.3746	3	3	3
R60C	-0.4952	0.7698	2	5	5
R60J	-1.0604	-0.3103	1	2	2
R60K	-0.9592	-0.422	1	1	1
R60R	-0.6649	0.3635	2	4	4
R60T	-0.9542	-0.0888	1	1	1
R61C	-0.9146	0.0797	1	1	1
R65H	0.2527	-0.4588	3	1	1
S01G	0.564	0.0065	3	3	3
S01R	-0.1206	0.7027	2	2	2
S03B	-0.215	0.8339	2	2	2
S06F	-0.585	0.7413	2	2	2
S09G	-0.3629	0.8562	2	4	4
S16H	-0.9588	-0.4218	1	1	1
S25D	-0.0988	-0.6371	1	2	2
S30B	0.2707	0.5368	2	4	4
S45D	0.1435	-0.6554	4	6	6
S60S	-1.1637	-0.2622	1	1	1
S61D	0.4061	0.3013	4	2	2
S61F	0.6426	-0.0681	4	3	3
S61K	1.4635	0.157	5	2	2
S61P	1.4311	0.1965	5	4	5
S62F	0.6353	-0.0347	3	5	5
T01N	1.4008	0.1856	5	4	6
T04B	-0.9102	-0.4761	1	3	3
T04D	-0.8617	-0.1359	1	2	2
T23K	1.674	-0.1223	5	3	3
T23L	1.674	-0.1224	5	3	3
T61K	1.4259	0.2324	5	16	79
T61L	0.9501	-0.0627	4	1	1
U09J	0.3734	-0.3088	3	3	3
U21F	0.0134	-0.5252	3	2	2
V01B	0.7377	-0.1225	3	2	2
V01G	-0.8301	-0.3305	1	1	1
V05D	0.1797	0.3196	3	4	4
V07C	1.2869	0.208	5	1	1
V07F	1.1265	0.2861	5	1	1
V08B	1.5591	0.0517	5	1	1
V10L	0.8072	0.0804	3	1	1
V27K	0.5805	-0.6117	3	2	2
W01D	-0.7163	-0.839	1	1	1
W01Y	-0.3443	0.6284	2	2	2
W04D	-0.352	-0.7055	1	1	1
W51P	1.1701	0.1888	3	1	1
X04B	0.222	0.1564	3	2	2
X09D	0.7495	0.1584	3	1	1
X12G	1.4804	0.1206	5	3	3
X12P	1.5135	0.2766	5	6	6
X60J	-1.1524	-0.5139	1	1	1
X99X	0.1171	-0.6489	4	39	105
Y01H	-0.5976	0.4412	2	1	1
Y01L	-0.0238	0.8648	2	2	2
Y04M	-0.5497	1.1394	2	1	1
Z99Z	-0.1032	0.5447	2	19	19
